-- phpMyAdmin SQL Dump
-- version 4.7.4
-- https://www.phpmyadmin.net/
--
-- Host: 127.0.0.1:3306
-- Generation Time: Mar 31, 2018 at 03:45 AM
-- Server version: 5.7.19
-- PHP Version: 5.6.31

SET SQL_MODE = "NO_AUTO_VALUE_ON_ZERO";
SET AUTOCOMMIT = 0;
START TRANSACTION;
SET time_zone = "+00:00";


/*!40101 SET @OLD_CHARACTER_SET_CLIENT=@@CHARACTER_SET_CLIENT */;
/*!40101 SET @OLD_CHARACTER_SET_RESULTS=@@CHARACTER_SET_RESULTS */;
/*!40101 SET @OLD_COLLATION_CONNECTION=@@COLLATION_CONNECTION */;
/*!40101 SET NAMES utf8mb4 */;

--
-- Database: `eapi`
--

-- --------------------------------------------------------

--
-- Table structure for table `migrations`
--

DROP TABLE IF EXISTS `migrations`;
CREATE TABLE IF NOT EXISTS `migrations` (
  `id` int(10) UNSIGNED NOT NULL AUTO_INCREMENT,
  `migration` varchar(255) COLLATE utf8mb4_unicode_ci NOT NULL,
  `batch` int(11) NOT NULL,
  PRIMARY KEY (`id`)
) ENGINE=MyISAM AUTO_INCREMENT=5 DEFAULT CHARSET=utf8mb4 COLLATE=utf8mb4_unicode_ci;

--
-- Dumping data for table `migrations`
--

INSERT INTO `migrations` (`id`, `migration`, `batch`) VALUES
(1, '2014_10_12_000000_create_users_table', 1),
(2, '2014_10_12_100000_create_password_resets_table', 1),
(3, '2018_03_30_212456_create_products_table', 1),
(4, '2018_03_30_214216_create_reviews_table', 1);

-- --------------------------------------------------------

--
-- Table structure for table `password_resets`
--

DROP TABLE IF EXISTS `password_resets`;
CREATE TABLE IF NOT EXISTS `password_resets` (
  `email` varchar(191) COLLATE utf8mb4_unicode_ci NOT NULL,
  `token` varchar(191) COLLATE utf8mb4_unicode_ci NOT NULL,
  `created_at` timestamp NULL DEFAULT NULL,
  KEY `password_resets_email_index` (`email`)
) ENGINE=MyISAM DEFAULT CHARSET=utf8mb4 COLLATE=utf8mb4_unicode_ci;

-- --------------------------------------------------------

--
-- Table structure for table `products`
--

DROP TABLE IF EXISTS `products`;
CREATE TABLE IF NOT EXISTS `products` (
  `id` int(10) UNSIGNED NOT NULL AUTO_INCREMENT,
  `name` varchar(191) COLLATE utf8mb4_unicode_ci NOT NULL,
  `detail` text COLLATE utf8mb4_unicode_ci NOT NULL,
  `price` int(11) NOT NULL,
  `stock` int(11) NOT NULL,
  `discount` int(11) NOT NULL,
  `created_at` timestamp NULL DEFAULT NULL,
  `updated_at` timestamp NULL DEFAULT NULL,
  PRIMARY KEY (`id`)
) ENGINE=MyISAM AUTO_INCREMENT=151 DEFAULT CHARSET=utf8mb4 COLLATE=utf8mb4_unicode_ci;

--
-- Dumping data for table `products`
--

INSERT INTO `products` (`id`, `name`, `detail`, `price`, `stock`, `discount`, `created_at`, `updated_at`) VALUES
(150, 'nam', 'Harum est corporis aut facere ut aut voluptas rerum. Est et id quos. Tempora fugiat neque autem.', 523, 5, 7, '2018-03-31 07:43:54', '2018-03-31 07:43:54'),
(149, 'voluptas', 'Quas autem est hic impedit dolorem asperiores et. Rerum eos distinctio laudantium recusandae minus. Ratione est voluptates ut illum necessitatibus aperiam qui optio. Minima iure non est nostrum est sed.', 177, 0, 19, '2018-03-31 07:43:54', '2018-03-31 07:43:54'),
(148, 'architecto', 'Maxime et voluptates et perferendis doloribus facere. Amet nam quae esse maiores voluptatibus. Ab eligendi sunt voluptatem sapiente itaque ipsam. Cupiditate laudantium ipsum impedit et.', 619, 0, 25, '2018-03-31 07:43:54', '2018-03-31 07:43:54'),
(146, 'exercitationem', 'Eveniet error alias nemo eligendi reiciendis. Praesentium et magni accusantium facere animi. Sunt consequuntur voluptas quia eligendi.', 511, 4, 23, '2018-03-31 07:43:54', '2018-03-31 07:43:54'),
(147, 'expedita', 'Unde fugiat ratione placeat est voluptatibus dolorem. Cupiditate quae optio omnis omnis nobis id. Neque nulla nulla aut cupiditate illum quia. Error voluptatibus non itaque illum magni.', 821, 2, 17, '2018-03-31 07:43:54', '2018-03-31 07:43:54'),
(145, 'sapiente', 'Fugit id quam voluptatem. Molestiae quam necessitatibus iusto et. Enim consequatur quis suscipit. Pariatur porro deleniti et reprehenderit dolor optio quos hic. Placeat voluptatem accusantium eius eum est.', 642, 4, 4, '2018-03-31 07:43:54', '2018-03-31 07:43:54'),
(144, 'natus', 'Dolore ut sint corporis adipisci aspernatur sit. Autem dicta necessitatibus ab adipisci perferendis vero rerum.', 260, 3, 23, '2018-03-31 07:43:54', '2018-03-31 07:43:54'),
(143, 'non', 'Labore molestiae voluptatum consequatur qui labore voluptatibus. Omnis itaque exercitationem culpa vel incidunt perferendis sapiente. Et repellendus tenetur ut iure voluptates qui optio.', 428, 6, 29, '2018-03-31 07:43:54', '2018-03-31 07:43:54'),
(141, 'eveniet', 'Nam accusamus nesciunt amet dignissimos ad accusantium autem. Debitis eius voluptate est in aperiam.', 222, 5, 2, '2018-03-31 07:43:54', '2018-03-31 07:43:54'),
(142, 'dicta', 'Quod adipisci fugit ut ipsum suscipit. Qui illum odit animi quia. Nobis est velit minima sapiente optio et. Ut architecto repudiandae magnam illum architecto molestias.', 904, 2, 28, '2018-03-31 07:43:54', '2018-03-31 07:43:54'),
(139, 'ad', 'Aut quod error est atque. Voluptatem quia dolores qui reiciendis corrupti enim. Ipsum ipsum porro voluptatem quod itaque qui nostrum. Facere aut maiores et velit.', 160, 7, 24, '2018-03-31 07:43:54', '2018-03-31 07:43:54'),
(140, 'consequuntur', 'Tenetur voluptatem dolores non. Veritatis consectetur necessitatibus id dignissimos ea. Voluptatem vel architecto voluptatum voluptatem et fugit fugit.', 603, 6, 19, '2018-03-31 07:43:54', '2018-03-31 07:43:54'),
(138, 'non', 'Animi ducimus laudantium sit distinctio tempore quia. Et deleniti pariatur doloribus dolores nesciunt optio asperiores temporibus. Omnis fugiat veritatis et autem iusto. Quia et corporis autem fuga.', 905, 5, 22, '2018-03-31 07:43:54', '2018-03-31 07:43:54'),
(137, 'et', 'Atque et qui corporis sed consequatur quis. Ducimus laboriosam iste est exercitationem odit velit ipsa. Ex similique facere fuga perferendis.', 945, 3, 8, '2018-03-31 07:43:54', '2018-03-31 07:43:54'),
(136, 'ut', 'Laborum facere id excepturi qui deleniti. Aut deleniti et omnis quae eum. Labore animi tempora ea perferendis accusamus. Minima consequatur eos eaque non ipsam expedita.', 798, 8, 25, '2018-03-31 07:43:54', '2018-03-31 07:43:54'),
(135, 'saepe', 'Eveniet aut ut voluptatum maxime a. Omnis ex quia porro odio vel ipsa veritatis. Deleniti totam quo itaque cupiditate ipsa. Aut quia rerum laudantium molestiae.', 857, 6, 3, '2018-03-31 07:43:54', '2018-03-31 07:43:54'),
(134, 'nostrum', 'Laudantium tempora id ut. Sit est ex natus sunt ducimus impedit a dolorem.', 575, 0, 23, '2018-03-31 07:43:54', '2018-03-31 07:43:54'),
(133, 'quae', 'A ea quas in est quia. Alias eaque ut pariatur nam sed. Qui vel sit velit voluptatum aspernatur aut quos.', 263, 9, 25, '2018-03-31 07:43:54', '2018-03-31 07:43:54'),
(132, 'ea', 'Consequatur voluptatem culpa qui aut aut iusto qui. Sint vel in non blanditiis eos vel et. Maiores ut tempore sed eaque molestiae assumenda rerum. Molestias quia similique vel.', 845, 1, 26, '2018-03-31 07:43:54', '2018-03-31 07:43:54'),
(131, 'et', 'Veniam impedit sint eius sed quo. Laboriosam id consequatur ducimus reiciendis omnis quibusdam enim. Ut animi et placeat ducimus. Dolorem repellat ea quasi ut enim molestiae.', 187, 1, 2, '2018-03-31 07:43:54', '2018-03-31 07:43:54'),
(130, 'sed', 'Ut quos possimus tempora qui. Excepturi officiis sint ad voluptas rerum molestiae qui. Molestiae dolor aliquid rerum iste voluptatibus distinctio.', 448, 4, 12, '2018-03-31 07:43:54', '2018-03-31 07:43:54'),
(128, 'alias', 'Soluta culpa pariatur et molestiae harum. Et laudantium aut odio. Magnam quia quis sequi maiores et molestias aut.', 463, 8, 4, '2018-03-31 07:43:54', '2018-03-31 07:43:54'),
(129, 'aut', 'At ratione eos ut repellendus. Corrupti illum in maxime facilis ullam delectus similique. Quia nihil tempora occaecati dolorem voluptatem nulla nihil quidem.', 125, 8, 6, '2018-03-31 07:43:54', '2018-03-31 07:43:54'),
(127, 'quia', 'Maxime omnis impedit rerum et fuga. Similique velit est tempore laudantium inventore architecto quibusdam tempora. Incidunt voluptatem architecto eaque qui. Sed aut temporibus ducimus quasi quae animi.', 187, 5, 12, '2018-03-31 07:43:54', '2018-03-31 07:43:54'),
(126, 'laborum', 'Quod qui laborum est non aut. Quam cumque quia quod id alias tempora modi. Facilis exercitationem consequuntur facere. Vero hic voluptates nobis.', 111, 3, 13, '2018-03-31 07:43:54', '2018-03-31 07:43:54'),
(125, 'dolore', 'Sapiente ipsa est nam nisi deleniti et. Natus ut sint rerum distinctio. Ipsa totam ut nostrum ratione id a. Sit aperiam tempore saepe consequatur ipsum eos quisquam.', 256, 5, 8, '2018-03-31 07:43:54', '2018-03-31 07:43:54'),
(124, 'quia', 'Voluptas adipisci alias earum nihil fugiat. In consequatur officia accusamus error voluptatem. Quis saepe cumque et tempore consectetur delectus. Quia exercitationem quo odio voluptate enim modi et.', 999, 5, 7, '2018-03-31 07:43:54', '2018-03-31 07:43:54'),
(123, 'vero', 'Pariatur vel dolorem doloremque hic nam reiciendis adipisci cumque. Consequuntur non repudiandae explicabo aut. Nostrum itaque ad delectus ut voluptas eius quas. Sint iusto molestias sunt quae beatae. Vel eaque consequatur minus delectus ut eveniet ratione consequatur.', 775, 4, 11, '2018-03-31 07:43:54', '2018-03-31 07:43:54'),
(121, 'delectus', 'Debitis cupiditate amet et soluta. Illum aut dolores qui nihil numquam et voluptatem. Quam magni saepe aperiam tempora voluptates eum voluptas. Laborum harum exercitationem corporis dolor magni cumque vero. Eos consequatur corporis commodi et impedit esse.', 826, 5, 15, '2018-03-31 07:43:54', '2018-03-31 07:43:54'),
(122, 'assumenda', 'Dignissimos praesentium maxime ut. Vero porro voluptates expedita non. Rerum distinctio non laborum occaecati. Eius est et laboriosam odit aut recusandae.', 244, 4, 8, '2018-03-31 07:43:54', '2018-03-31 07:43:54'),
(120, 'et', 'Et quibusdam explicabo temporibus. Eos et totam iste vitae rem dignissimos corporis. Ducimus beatae totam fugit placeat sunt inventore.', 764, 5, 20, '2018-03-31 07:43:54', '2018-03-31 07:43:54'),
(119, 'illum', 'Totam earum et quia nisi numquam aut. Aut nihil repellat harum itaque. Ut non nisi ea accusantium laborum unde recusandae. Eaque sit eligendi animi ipsam fugiat.', 738, 0, 4, '2018-03-31 07:43:54', '2018-03-31 07:43:54'),
(117, 'repellat', 'Quo similique aliquam ut dolor dolorem. Labore tenetur reiciendis ex libero recusandae mollitia non repellat. Quia facere voluptas vel sunt sapiente eum suscipit eius.', 708, 1, 7, '2018-03-31 07:43:54', '2018-03-31 07:43:54'),
(118, 'officia', 'Voluptatem inventore alias fugiat fugiat. Enim et dolores incidunt reiciendis officiis. Ex nihil corporis ratione debitis animi eos tempore.', 564, 0, 3, '2018-03-31 07:43:54', '2018-03-31 07:43:54'),
(116, 'corporis', 'Praesentium quisquam repellendus rem consequuntur et corporis temporibus. Deleniti quia consequatur corrupti dolorem commodi. Qui ut necessitatibus qui nemo ut saepe iste.', 706, 3, 10, '2018-03-31 07:43:54', '2018-03-31 07:43:54'),
(114, 'non', 'Culpa ab quam repellat provident dolores. Est voluptas in ex maiores. Maxime id molestias et et nisi ut ut. Tenetur repellendus minus hic. Magnam consectetur eveniet omnis est.', 685, 9, 9, '2018-03-31 07:43:54', '2018-03-31 07:43:54'),
(115, 'similique', 'Qui et voluptates ut dolores iusto nihil omnis consequatur. Et est sunt neque cupiditate. Dolores nemo similique aut facilis. Sed sed omnis delectus voluptatem repellendus laborum eius iste.', 752, 3, 4, '2018-03-31 07:43:54', '2018-03-31 07:43:54'),
(113, 'sit', 'Qui ipsum et commodi. Sit soluta eaque quasi alias est deserunt odio. Excepturi nam odit expedita ad vel. Illum aperiam voluptatem quidem cumque. Placeat sint hic quod qui et dolorem culpa.', 455, 7, 13, '2018-03-31 07:43:54', '2018-03-31 07:43:54'),
(112, 'dolorem', 'Aliquid aliquam dicta explicabo animi delectus. Et ut vero eaque et ducimus voluptas perspiciatis atque. Corporis nihil corporis voluptas quibusdam ut. Quia quis ullam quo. Dolorem omnis omnis numquam voluptas ipsa et.', 945, 1, 18, '2018-03-31 07:43:54', '2018-03-31 07:43:54'),
(111, 'corporis', 'Dolor vero pariatur eum cumque alias doloribus error. Eveniet reiciendis quos labore labore. Magnam harum dolor quis soluta omnis. Placeat assumenda similique consequatur vel.', 375, 7, 26, '2018-03-31 07:43:54', '2018-03-31 07:43:54'),
(110, 'iure', 'Expedita itaque voluptatem libero tempora. Nobis dolores sed quis consectetur exercitationem doloremque qui. Dolore nisi qui impedit sit.', 769, 5, 15, '2018-03-31 07:43:54', '2018-03-31 07:43:54'),
(107, 'eos', 'Saepe in et fuga distinctio ratione reiciendis ipsum. Aut alias qui distinctio dolorum quo ut et. Officia eos voluptas maxime perspiciatis vel.', 970, 0, 2, '2018-03-31 07:43:54', '2018-03-31 07:43:54'),
(108, 'laborum', 'A sint id molestias error omnis autem officiis numquam. Aut id voluptates temporibus optio quibusdam ea itaque.', 715, 0, 23, '2018-03-31 07:43:54', '2018-03-31 07:43:54'),
(109, 'et', 'Occaecati voluptatem at quo modi. Aperiam nemo sunt et iusto quos. Porro minus perspiciatis architecto mollitia sunt dolor eos.', 355, 5, 3, '2018-03-31 07:43:54', '2018-03-31 07:43:54'),
(106, 'et', 'Dolore iusto qui quam itaque explicabo. Minima officiis voluptatem cupiditate quis porro. Assumenda possimus quo dicta ad. Id doloribus qui ut.', 718, 8, 6, '2018-03-31 07:43:54', '2018-03-31 07:43:54'),
(105, 'voluptate', 'Nulla quis voluptates eveniet. Mollitia impedit quos ullam aut qui perferendis minima. Pariatur consequatur ad laudantium omnis. Explicabo provident error delectus quae.', 987, 7, 15, '2018-03-31 07:43:54', '2018-03-31 07:43:54'),
(103, 'ipsum', 'Et velit quidem dolores veniam dolorum porro. Neque quasi aut qui fuga quis natus maiores aliquam. Labore consequatur sint quis earum. Reiciendis nobis minima minima voluptates maiores.', 235, 0, 27, '2018-03-31 07:43:54', '2018-03-31 07:43:54'),
(104, 'praesentium', 'Mollitia necessitatibus totam voluptatem consequatur. Facere et rerum omnis minima dolor. Fugit veritatis aut rem voluptatum. Porro accusamus laborum voluptatem quod amet.', 476, 6, 13, '2018-03-31 07:43:54', '2018-03-31 07:43:54'),
(102, 'sit', 'Tempora atque voluptas repellendus dolorem amet excepturi. Facilis rerum ut est eum dolore autem. Ea qui necessitatibus mollitia earum.', 317, 6, 6, '2018-03-31 07:43:54', '2018-03-31 07:43:54'),
(101, 'sit', 'Et dolorem sunt aut in molestiae maiores. Similique commodi beatae doloribus. Aut cumque eveniet quia iure harum recusandae hic sit.', 363, 9, 28, '2018-03-31 07:43:54', '2018-03-31 07:43:54');

-- --------------------------------------------------------

--
-- Table structure for table `reviews`
--

DROP TABLE IF EXISTS `reviews`;
CREATE TABLE IF NOT EXISTS `reviews` (
  `id` int(10) UNSIGNED NOT NULL AUTO_INCREMENT,
  `product_id` int(10) UNSIGNED NOT NULL,
  `customer` varchar(191) COLLATE utf8mb4_unicode_ci NOT NULL,
  `review` text COLLATE utf8mb4_unicode_ci NOT NULL,
  `star` int(11) NOT NULL,
  `created_at` timestamp NULL DEFAULT NULL,
  `updated_at` timestamp NULL DEFAULT NULL,
  PRIMARY KEY (`id`),
  KEY `reviews_product_id_index` (`product_id`)
) ENGINE=MyISAM AUTO_INCREMENT=301 DEFAULT CHARSET=utf8mb4 COLLATE=utf8mb4_unicode_ci;

--
-- Dumping data for table `reviews`
--

INSERT INTO `reviews` (`id`, `product_id`, `customer`, `review`, `star`, `created_at`, `updated_at`) VALUES
(1, 134, 'Prof. Billie Swift DDS', 'Ea et vero necessitatibus explicabo dolorem aut. Aliquam quasi ea fugiat illo. Non fugit autem aut sint quidem sapiente nihil.', 0, '2018-03-31 07:43:55', '2018-03-31 07:43:55'),
(2, 122, 'Jamar Boehm', 'Cum cumque quidem placeat similique voluptatem doloremque. Hic ipsam tempore vero. Sit molestiae commodi nesciunt. Voluptas harum blanditiis iusto et dolores quidem delectus facere. Eos architecto voluptas iste.', 4, '2018-03-31 07:43:55', '2018-03-31 07:43:55'),
(3, 144, 'Nikita Sporer', 'Quo iusto alias et consequuntur. Commodi sed natus delectus ut architecto fuga error atque. Omnis voluptatem nostrum suscipit eligendi et voluptatibus.', 1, '2018-03-31 07:43:55', '2018-03-31 07:43:55'),
(4, 104, 'Dr. Kattie Brown III', 'Recusandae eligendi at delectus voluptatem alias illum accusamus. Ratione inventore sequi nam et aut sunt cum. Perferendis veniam sit optio numquam vero suscipit.', 5, '2018-03-31 07:43:55', '2018-03-31 07:43:55'),
(5, 110, 'Barney Klein', 'Odio in rem molestias ut. Voluptas est consequatur delectus in magni qui eaque. Non impedit architecto dolorum dicta quae. Eaque facere dolorem aspernatur fugiat nostrum eum.', 1, '2018-03-31 07:43:55', '2018-03-31 07:43:55'),
(6, 107, 'Kathryne Marquardt', 'Eum sunt ad autem quo vero. Voluptatum nulla autem fugiat facilis rem expedita. Facilis explicabo provident quia ipsam. Aspernatur eos culpa voluptatem doloribus.', 2, '2018-03-31 07:43:55', '2018-03-31 07:43:55'),
(7, 119, 'Mr. Godfrey Trantow', 'Quod voluptas est necessitatibus necessitatibus. Itaque veniam iure eaque qui consequatur consectetur. Sed amet qui consequuntur ad quos eos maxime. Unde omnis necessitatibus pariatur perferendis.', 2, '2018-03-31 07:43:55', '2018-03-31 07:43:55'),
(8, 124, 'Prof. Shany Schneider V', 'Tenetur beatae expedita odio unde. Nobis sint quis deserunt. Iure nesciunt in velit voluptatem odio. Est minus a officia ut velit iure impedit.', 2, '2018-03-31 07:43:55', '2018-03-31 07:43:55'),
(9, 127, 'Kelly Kuhlman', 'Sequi unde labore inventore. Velit accusamus ut quis odio velit eligendi. Ea non et dolores est et expedita voluptas.', 2, '2018-03-31 07:43:55', '2018-03-31 07:43:55'),
(10, 146, 'Prof. Jabari Vandervort IV', 'Vero sequi voluptatem repellat. Ad nesciunt tempore hic at nihil. Officiis in mollitia ea error. Error ipsum laudantium maiores.', 3, '2018-03-31 07:43:55', '2018-03-31 07:43:55'),
(11, 119, 'Dr. Mariano Franecki', 'Ipsam maxime porro a aut non qui id. Sequi laboriosam quos maxime accusamus. Nihil sequi accusamus aliquam omnis eos optio eum.', 3, '2018-03-31 07:43:55', '2018-03-31 07:43:55'),
(12, 120, 'Jude Mertz', 'Magnam non illum in similique. Officiis velit consequatur similique odio qui tempora ut. Hic commodi consequuntur ut nesciunt in qui repellat quis. Sit in consectetur expedita dignissimos corrupti quam. Blanditiis consequatur sed consequuntur vero delectus.', 0, '2018-03-31 07:43:55', '2018-03-31 07:43:55'),
(13, 101, 'Vida Wehner', 'Est rerum consequuntur corrupti. Sunt voluptas adipisci maxime ipsum. Dolore corporis omnis nulla maiores natus.', 0, '2018-03-31 07:43:55', '2018-03-31 07:43:55'),
(14, 119, 'Clarissa O\'Connell', 'Ut pariatur molestias similique magnam consequuntur. Velit fuga illo veniam voluptatem ipsa dignissimos eveniet quasi. Accusantium vitae dignissimos quasi dolor odit incidunt maiores. Voluptate quia nobis in tenetur omnis qui.', 3, '2018-03-31 07:43:55', '2018-03-31 07:43:55'),
(15, 148, 'Betsy Brekke', 'Esse qui ut sit aspernatur natus maxime quam. Consequatur qui in est. Ut facilis maxime incidunt qui vero rerum molestiae. Fugit dolor alias natus repellat pariatur voluptatem cupiditate.', 1, '2018-03-31 07:43:55', '2018-03-31 07:43:55'),
(16, 131, 'Dr. Javon Prohaska', 'Voluptatum sed dolore accusamus est sit fugit deleniti. Facilis earum et est numquam quibusdam velit explicabo. Inventore occaecati omnis molestiae sit explicabo esse placeat. Optio corrupti sunt animi facilis est.', 0, '2018-03-31 07:43:55', '2018-03-31 07:43:55'),
(17, 150, 'Angelo Wilkinson', 'Qui sint omnis dolor distinctio ratione earum. At omnis at veritatis sit. Qui nisi numquam quia quia consectetur quasi voluptatem qui. Amet iste et non facere provident voluptatem nesciunt eveniet.', 3, '2018-03-31 07:43:55', '2018-03-31 07:43:55'),
(18, 141, 'Mr. Wilford Lowe Jr.', 'Temporibus vero est officia. Quae omnis necessitatibus sit laudantium hic.', 0, '2018-03-31 07:43:55', '2018-03-31 07:43:55'),
(19, 104, 'Gretchen Ritchie', 'Explicabo ipsum tempora dolorem non ex. Vitae inventore dolores ea autem vel. Omnis ea tempora ipsa eum iure vero voluptates et. Ea est quis voluptate reprehenderit sint qui iste dolore.', 3, '2018-03-31 07:43:55', '2018-03-31 07:43:55'),
(20, 124, 'Kailyn Jones', 'Dicta eligendi debitis asperiores consectetur quaerat deserunt non. Impedit asperiores et similique culpa doloremque labore aut.', 5, '2018-03-31 07:43:55', '2018-03-31 07:43:55'),
(21, 103, 'Ms. Claire Stoltenberg', 'Autem laborum quod illum aut iusto est qui. Qui voluptas repellat error aut cupiditate dolorum repellat. Fuga voluptatem dolor quaerat cum. Ipsa recusandae facilis eos explicabo veritatis iste aut.', 1, '2018-03-31 07:43:55', '2018-03-31 07:43:55'),
(22, 122, 'Mr. Kurtis Prohaska III', 'Vel qui enim ipsum veniam. Atque reprehenderit odit vero provident perspiciatis beatae perferendis. Accusantium quod eligendi fugiat qui ut hic. Id cum tempora expedita minus aut. At rerum iusto fugiat id et.', 1, '2018-03-31 07:43:55', '2018-03-31 07:43:55'),
(23, 115, 'Deja Volkman', 'Nihil possimus tenetur sed dolores quasi recusandae officia. Quam deserunt nihil est dolores reprehenderit. Aut est earum aliquid reprehenderit.', 4, '2018-03-31 07:43:55', '2018-03-31 07:43:55'),
(24, 124, 'Karina Powlowski II', 'Voluptatem architecto non dolore voluptatem aut. Natus architecto quidem consectetur explicabo et modi. Error quia asperiores provident sequi. Est ipsum laboriosam suscipit omnis suscipit officiis perspiciatis ipsum.', 2, '2018-03-31 07:43:55', '2018-03-31 07:43:55'),
(25, 140, 'Dr. Alayna Schuppe MD', 'Voluptatibus eum rerum quia incidunt molestiae libero. Quisquam commodi aliquid ut soluta quia. Rerum fuga rerum aut ullam eligendi voluptate. Impedit sequi dolorum fugit quae et sed. Repudiandae sit non perspiciatis reiciendis ad delectus soluta.', 2, '2018-03-31 07:43:55', '2018-03-31 07:43:55'),
(26, 136, 'Dr. Idell McKenzie', 'Veritatis ut minima delectus perspiciatis quo ea dolorum. Provident dolore eos dignissimos recusandae. Ut est id consequatur. Dicta quas occaecati ut ex ipsam molestiae sapiente aperiam. Corrupti illum incidunt non cupiditate facere.', 2, '2018-03-31 07:43:55', '2018-03-31 07:43:55'),
(27, 143, 'Cedrick Romaguera', 'Quia aliquam perspiciatis et ut consequatur. Dolore ducimus perferendis voluptatem id harum culpa et. Sed eaque enim autem delectus ullam. Eius nesciunt ullam dolorem. Voluptatibus quidem ipsam maiores laudantium nihil.', 2, '2018-03-31 07:43:55', '2018-03-31 07:43:55'),
(28, 121, 'Prof. Camille Goodwin', 'Repellat repellat quis odit repellat aut voluptates blanditiis. Et consequatur sequi eum qui molestias corporis aut. Accusamus minima nulla et nihil sint qui. Corporis molestiae et dolor omnis aut ea.', 0, '2018-03-31 07:43:55', '2018-03-31 07:43:55'),
(29, 149, 'Drew Hirthe', 'Deserunt earum quas consequatur et officia sit voluptates. Officia modi ex sed cumque omnis praesentium possimus. Quisquam atque et voluptas nam inventore et laborum culpa. Possimus sed laudantium cupiditate nostrum.', 2, '2018-03-31 07:43:55', '2018-03-31 07:43:55'),
(30, 132, 'Evans Kassulke', 'Omnis provident repudiandae laboriosam. Dolor ex mollitia est numquam. Neque sit et quo. Dolores eos aut cupiditate cupiditate nostrum.', 4, '2018-03-31 07:43:55', '2018-03-31 07:43:55'),
(31, 149, 'Lulu Rau', 'Enim odit earum atque optio. Amet ipsum qui aspernatur. Consequatur assumenda deleniti esse cum eum consequuntur. Beatae fugit ut dolor eos in facilis distinctio.', 3, '2018-03-31 07:43:55', '2018-03-31 07:43:55'),
(32, 129, 'Prof. Tomasa Wisoky DVM', 'Soluta at asperiores qui mollitia. Quaerat cumque nesciunt nihil. Quia distinctio molestias aperiam possimus. Molestias aliquam consequuntur quisquam voluptatem temporibus laborum eum corrupti.', 3, '2018-03-31 07:43:55', '2018-03-31 07:43:55'),
(33, 139, 'Dr. Ricky Hudson', 'Nulla et officia enim id consequatur. Ea blanditiis reprehenderit ut quia et. Quaerat et ratione dolor culpa eos quas. Ut odio possimus est sed similique voluptates et.', 5, '2018-03-31 07:43:55', '2018-03-31 07:43:55'),
(34, 108, 'Prof. Brooke Gusikowski IV', 'Eum aut distinctio nostrum. Quas dignissimos maiores doloribus a repellat non. Nemo sapiente quia sit sint occaecati consequatur. Est tempora sit qui vero autem repudiandae. Magni omnis voluptatem inventore ut repudiandae assumenda.', 4, '2018-03-31 07:43:55', '2018-03-31 07:43:55'),
(35, 124, 'Alec Wuckert', 'Quos iste aperiam voluptas et itaque vitae. Nemo quia ut asperiores. Molestias enim similique autem et sed inventore a labore.', 3, '2018-03-31 07:43:55', '2018-03-31 07:43:55'),
(36, 138, 'Ms. Gabriella Denesik', 'Ea esse unde ab delectus ut. Aut est aut sed perferendis molestiae optio qui maxime. Sunt ipsam soluta autem voluptate fuga doloremque. Iusto a quas qui hic dolorem quia doloremque.', 0, '2018-03-31 07:43:55', '2018-03-31 07:43:55'),
(37, 134, 'Dr. Robert Wehner', 'Veritatis ut sequi unde sunt atque. Eaque laboriosam quis debitis et nam. Officiis a cumque in saepe ut soluta.', 0, '2018-03-31 07:43:55', '2018-03-31 07:43:55'),
(38, 142, 'Hal Blanda', 'Repudiandae accusantium doloremque nemo aperiam reprehenderit occaecati. Voluptate vel blanditiis in aperiam vel voluptas. Deserunt officia velit dolores sit dolor incidunt eius. Voluptas alias ut facilis ut error et.', 1, '2018-03-31 07:43:55', '2018-03-31 07:43:55'),
(39, 143, 'Gage O\'Kon', 'Voluptatibus atque et odit a esse praesentium similique. Exercitationem quasi est id sequi odio. Necessitatibus quod suscipit ut ut sequi delectus. Sed autem qui occaecati unde voluptatem occaecati incidunt cumque.', 0, '2018-03-31 07:43:55', '2018-03-31 07:43:55'),
(40, 140, 'Casey Weissnat', 'Dolores nihil ea ex qui iste. Molestiae praesentium quod velit voluptas ut. Reprehenderit quibusdam totam error laboriosam. Repellat enim a debitis sint a expedita quo.', 5, '2018-03-31 07:43:55', '2018-03-31 07:43:55'),
(41, 127, 'Fabian Windler', 'Minima praesentium officiis omnis omnis quasi. Aspernatur non et facilis. Voluptatem perferendis explicabo nostrum vel quisquam.', 1, '2018-03-31 07:43:55', '2018-03-31 07:43:55'),
(42, 134, 'Eileen Kunze', 'Accusamus ut error maxime dolores ut. Sunt ducimus maxime eum aliquam vel. Suscipit esse mollitia tempore qui dolor ea qui.', 5, '2018-03-31 07:43:55', '2018-03-31 07:43:55'),
(43, 125, 'Dr. Laurianne Romaguera Jr.', 'Repudiandae error ipsa sint vel est. Quidem velit ad sed laudantium. Veniam rem ut consequatur necessitatibus possimus commodi cumque. Est omnis voluptas sit reprehenderit animi at in.', 2, '2018-03-31 07:43:55', '2018-03-31 07:43:55'),
(44, 143, 'Ms. Nadia Bednar', 'Libero nihil similique et qui qui voluptas. Fugiat laudantium veritatis similique suscipit deserunt. Et aut fugiat sit excepturi enim asperiores.', 5, '2018-03-31 07:43:55', '2018-03-31 07:43:55'),
(45, 134, 'Santina Spinka I', 'Et omnis itaque eos amet. Quia aut labore consequatur nulla. Voluptate ea est esse dolor.', 3, '2018-03-31 07:43:55', '2018-03-31 07:43:55'),
(46, 135, 'Marjorie Walsh', 'Ut quam ratione et inventore distinctio neque consectetur. Earum sapiente quia commodi quia. Voluptatem rerum eaque fugiat ducimus illo tempora. Molestias quis sed et consectetur velit.', 3, '2018-03-31 07:43:55', '2018-03-31 07:43:55'),
(47, 123, 'Hyman Barton', 'Quidem saepe in assumenda. Id sint eligendi et deserunt veritatis illum. Est et rerum vitae reiciendis.', 0, '2018-03-31 07:43:55', '2018-03-31 07:43:55'),
(48, 144, 'Elna Steuber DDS', 'Commodi esse cum molestiae. Dolor officiis omnis consequatur accusantium magnam magnam. Alias consequatur harum eos harum ea. Quisquam nobis omnis aut facilis consequatur sit.', 3, '2018-03-31 07:43:55', '2018-03-31 07:43:55'),
(49, 139, 'Pierre Lueilwitz', 'Accusamus dolor maxime eos inventore a assumenda ab. Laboriosam consequatur architecto unde minima ab. Laudantium est dolores voluptatibus molestiae aut vero. Sit numquam repudiandae quod eum velit quod mollitia.', 2, '2018-03-31 07:43:55', '2018-03-31 07:43:55'),
(50, 111, 'Emmitt Terry', 'Ab error voluptas et quia fugit repellat. Repellendus omnis aut cupiditate. Voluptatem ut voluptatem quasi ipsum hic temporibus.', 2, '2018-03-31 07:43:55', '2018-03-31 07:43:55'),
(51, 142, 'Vernice Ebert', 'Illo officia hic nulla porro. Est ipsam quidem possimus eligendi nihil. Nulla distinctio doloremque eius doloribus ipsum. Qui placeat voluptatibus quam praesentium explicabo autem.', 2, '2018-03-31 07:43:55', '2018-03-31 07:43:55'),
(52, 117, 'Emelia Gibson', 'Aspernatur veniam quia neque voluptas velit excepturi. Ex voluptas est in totam earum consequatur voluptates. Quis expedita nihil repudiandae atque.', 3, '2018-03-31 07:43:55', '2018-03-31 07:43:55'),
(53, 113, 'Eldridge Pagac', 'Architecto consectetur consequuntur qui recusandae et sequi repudiandae et. Facere quia saepe provident sit blanditiis porro temporibus. Voluptates dolore et error officiis aut provident. Expedita delectus nemo labore perferendis qui minus ut qui.', 0, '2018-03-31 07:43:55', '2018-03-31 07:43:55'),
(54, 118, 'Mckenna Bernhard', 'Ipsa voluptatem sed eum ut. Eos nostrum et dignissimos occaecati praesentium. Exercitationem qui rerum animi libero molestiae velit eligendi.', 1, '2018-03-31 07:43:55', '2018-03-31 07:43:55'),
(55, 137, 'Trisha Cummings', 'Expedita quod eius placeat. Quia odit modi facilis et. Distinctio quis hic ea aliquid illum nostrum. Provident magnam cumque asperiores magni quidem debitis voluptatem corrupti.', 1, '2018-03-31 07:43:55', '2018-03-31 07:43:55'),
(56, 125, 'Mrs. Sylvia Jacobi DDS', 'Mollitia rerum dolorum praesentium at magni repellendus enim. Mollitia non nulla dolores tenetur optio aliquam molestias magnam. Architecto ut delectus nobis enim. Sint aut totam provident consequatur sit et voluptas. Qui aliquid sapiente dignissimos asperiores suscipit.', 2, '2018-03-31 07:43:55', '2018-03-31 07:43:55'),
(57, 126, 'Shannon Terry', 'Ex odit quibusdam id illum fugiat iure sapiente molestiae. Distinctio at eligendi dolor eius. Dolore optio velit temporibus. Officia non ut provident vel.', 0, '2018-03-31 07:43:55', '2018-03-31 07:43:55'),
(58, 118, 'Natasha Nader', 'Eos possimus facilis repellendus repellendus eum maiores quia. Sunt eum cum eum a qui. Unde numquam recusandae aut assumenda omnis qui aut.', 4, '2018-03-31 07:43:55', '2018-03-31 07:43:55'),
(59, 137, 'Alexandrine Grimes', 'Soluta quae recusandae voluptas quidem sed ullam recusandae. Est repellat quidem neque.', 5, '2018-03-31 07:43:55', '2018-03-31 07:43:55'),
(60, 134, 'Prof. Marielle Labadie', 'Aut atque fugit maiores. Cupiditate sapiente et sed aliquid tenetur neque et ea. Tempore minima modi alias ipsa qui rem deserunt. Eaque ut aut eveniet repellendus nam quibusdam ab.', 3, '2018-03-31 07:43:55', '2018-03-31 07:43:55'),
(61, 146, 'Estevan Batz', 'Minus debitis quo repellat dolorum non consequatur officiis et. Animi et ut quis in. Ut ut repellendus reprehenderit autem voluptatem ullam.', 2, '2018-03-31 07:43:55', '2018-03-31 07:43:55'),
(62, 110, 'Etha Mayer', 'Consequuntur dolore vel nesciunt nobis et. Qui autem eum omnis consectetur hic quasi. Et laudantium magnam expedita quibusdam non qui.', 0, '2018-03-31 07:43:55', '2018-03-31 07:43:55'),
(63, 103, 'Prof. Hilton McKenzie', 'Ullam iste tenetur et earum at sequi. Laboriosam culpa praesentium rerum debitis id qui voluptas. Delectus perferendis in ipsam.', 1, '2018-03-31 07:43:55', '2018-03-31 07:43:55'),
(64, 121, 'Rosina Blanda', 'Adipisci ut exercitationem dolorem. Sit et aut est velit accusamus eius. Rerum aperiam qui omnis voluptates consequuntur saepe modi.', 3, '2018-03-31 07:43:55', '2018-03-31 07:43:55'),
(65, 129, 'Prof. Teagan Feil IV', 'Aut est cumque soluta deserunt quod. Distinctio officia dolor enim pariatur suscipit et. Ullam eius dolores doloremque enim.', 4, '2018-03-31 07:43:55', '2018-03-31 07:43:55'),
(66, 146, 'Prof. Ernest Runolfsson', 'Magni maiores saepe quia explicabo. Aut eos quidem aut id nemo. Eos unde et et veniam ut expedita voluptatem. Fuga harum rerum molestias possimus nam accusamus ut.', 3, '2018-03-31 07:43:55', '2018-03-31 07:43:55'),
(67, 107, 'Omari Mertz', 'Harum quidem in recusandae explicabo veniam excepturi et. Magnam possimus rem nemo ut. Ipsum eos sed magni molestiae aspernatur.', 2, '2018-03-31 07:43:55', '2018-03-31 07:43:55'),
(68, 105, 'Zetta Jast', 'Rerum ea sed et quibusdam a et odio. Voluptatem minus aspernatur velit eligendi ullam ut. Et quasi eius aut impedit. Quae unde placeat repellat corrupti corrupti saepe repudiandae.', 4, '2018-03-31 07:43:55', '2018-03-31 07:43:55'),
(69, 144, 'Ashley Ankunding DDS', 'Quidem aliquam eius vero et dolore eos. Ab est reiciendis corporis aut omnis possimus. Eius facilis ab ut ea qui.', 5, '2018-03-31 07:43:55', '2018-03-31 07:43:55'),
(70, 116, 'Werner Quitzon IV', 'Qui sit id voluptates animi. Nihil veniam laudantium qui tempora. Et ipsa id voluptatibus doloremque delectus fugit velit.', 2, '2018-03-31 07:43:55', '2018-03-31 07:43:55'),
(71, 140, 'Petra Huels Jr.', 'Accusantium ipsum dolorem sed doloremque debitis voluptatem aut. Facere recusandae vel nihil suscipit odio sit. Pariatur officia nobis aliquam. Commodi porro laboriosam tempore rerum cupiditate non culpa.', 4, '2018-03-31 07:43:55', '2018-03-31 07:43:55'),
(72, 113, 'Harry Gleason V', 'Assumenda voluptas quibusdam necessitatibus numquam. Non exercitationem aperiam voluptatem minus eius ullam.', 1, '2018-03-31 07:43:55', '2018-03-31 07:43:55'),
(73, 110, 'Domingo Hickle', 'Nulla explicabo inventore atque natus qui vel odio. Deserunt ducimus voluptatem quia similique et voluptate. Ut aliquam velit doloribus at est voluptatem aut voluptas.', 3, '2018-03-31 07:43:55', '2018-03-31 07:43:55'),
(74, 129, 'Ms. Ludie Auer PhD', 'Voluptatem rerum quam molestiae eum modi molestias et. Sed sit qui eius in. Ad est sunt quo et sed modi quo.', 0, '2018-03-31 07:43:55', '2018-03-31 07:43:55'),
(75, 114, 'Ms. Maritza Wehner V', 'Fugiat officiis et aperiam omnis rerum qui. Quam ad ut consequatur tenetur fugit quaerat repellat. Et saepe id nesciunt. Suscipit delectus voluptatem neque quos cumque. Ex impedit deserunt consequatur.', 1, '2018-03-31 07:43:55', '2018-03-31 07:43:55'),
(76, 150, 'Mr. Marlon Romaguera PhD', 'Dolores non voluptas maxime voluptatum. Quo voluptatem est dolorum et qui soluta ut. Facilis ullam corporis non doloremque. Deleniti rerum voluptate animi repellat debitis eos fugit.', 2, '2018-03-31 07:43:55', '2018-03-31 07:43:55'),
(77, 103, 'Morgan Senger', 'Voluptates dolores deleniti praesentium non ratione dolorum dolores. Est velit sint corrupti. Fugiat porro eos laudantium molestiae similique consequuntur maiores. Velit vero eos in.', 0, '2018-03-31 07:43:55', '2018-03-31 07:43:55'),
(78, 115, 'Meagan Leuschke PhD', 'Qui ad doloribus accusamus assumenda. Et similique cupiditate sunt quo ipsa ipsa occaecati. Omnis nihil laboriosam saepe ut. Odit ducimus numquam aliquid omnis blanditiis sapiente minus.', 3, '2018-03-31 07:43:55', '2018-03-31 07:43:55'),
(79, 122, 'Kaia Jacobs IV', 'Ad dolorem ipsam alias dolores. Unde vero nam doloremque id quisquam hic quasi. Quas non eaque ducimus. Recusandae in quod nihil laborum omnis eligendi aut cupiditate.', 4, '2018-03-31 07:43:55', '2018-03-31 07:43:55'),
(80, 116, 'Tiffany Bartell', 'Dolorum est ut dolorum. Qui officiis ex quis molestiae suscipit. Architecto qui error repudiandae.', 2, '2018-03-31 07:43:55', '2018-03-31 07:43:55'),
(81, 131, 'Miss Valentine Pagac DDS', 'Soluta autem et beatae libero. Harum veniam eos aut ea eum ipsa. A error consequatur a aut. Temporibus mollitia pariatur suscipit voluptas odit sint nihil.', 0, '2018-03-31 07:43:55', '2018-03-31 07:43:55'),
(82, 129, 'Justyn Effertz', 'Quis at voluptates laborum sunt laboriosam recusandae. Explicabo maxime fugit qui quam inventore ut non. In voluptas nihil quia quis et cupiditate. Nihil accusamus enim sequi aliquam perspiciatis consectetur sit at.', 5, '2018-03-31 07:43:55', '2018-03-31 07:43:55'),
(83, 128, 'Merl Wilkinson', 'Voluptas aperiam enim praesentium porro sint. Mollitia eos dolor rerum et. Facere sed odit velit consequatur. Ut quia autem molestiae aliquid repellendus laudantium animi.', 4, '2018-03-31 07:43:55', '2018-03-31 07:43:55'),
(84, 131, 'Mallie Gerlach', 'Quis hic at ut sed culpa. Sit est vel sit quas. Dicta molestiae quo impedit voluptatibus.', 0, '2018-03-31 07:43:55', '2018-03-31 07:43:55'),
(85, 105, 'Abraham Raynor IV', 'Sed explicabo earum corrupti fugiat incidunt est. Eum est sed minus nostrum. Quidem dolore in voluptates cum recusandae est labore ut. Accusamus voluptas sequi autem quo.', 2, '2018-03-31 07:43:55', '2018-03-31 07:43:55'),
(86, 117, 'Russel Walker', 'Omnis voluptas odio eos nesciunt ut. Sit est ea perferendis ducimus quia ut. Fugit voluptate id possimus cupiditate amet velit natus. Amet delectus doloremque laudantium ullam corrupti numquam et.', 3, '2018-03-31 07:43:55', '2018-03-31 07:43:55'),
(87, 117, 'Branson Gaylord', 'Consectetur cupiditate nemo sequi ea nulla. Quod ab et minus laudantium eos autem officiis esse. Est fuga ut dolores tenetur et quos. Et fugiat dolores enim quisquam dolores.', 2, '2018-03-31 07:43:55', '2018-03-31 07:43:55'),
(88, 120, 'Dayton Kunde', 'Voluptas dolores necessitatibus qui blanditiis fugit quas. Tempora adipisci mollitia temporibus animi quis eius eaque.', 0, '2018-03-31 07:43:55', '2018-03-31 07:43:55'),
(89, 136, 'Savion Graham', 'Inventore in quia in aperiam aspernatur. Necessitatibus sit cumque aut et ipsa neque. Molestias saepe iste expedita.', 0, '2018-03-31 07:43:55', '2018-03-31 07:43:55'),
(90, 140, 'Tyrel Ruecker IV', 'Esse et voluptas et voluptatibus voluptas et. Eius dolores fugit ab qui et unde autem. Quos voluptas vel voluptatibus facere dolorum et pariatur.', 3, '2018-03-31 07:43:55', '2018-03-31 07:43:55'),
(91, 131, 'Elissa Will', 'Vel quia possimus voluptas eveniet. Nesciunt est voluptatem quis et. Magni suscipit id nostrum perspiciatis et. Animi culpa minima ut doloremque eligendi.', 3, '2018-03-31 07:43:55', '2018-03-31 07:43:55'),
(92, 132, 'Kyle Torphy', 'Distinctio sapiente non vitae neque officiis. Id dolore in sint laboriosam.', 3, '2018-03-31 07:43:55', '2018-03-31 07:43:55'),
(93, 130, 'Mr. Timmy Leffler', 'Asperiores et corrupti cupiditate sit vel ab minus numquam. Nulla enim ipsa magnam. Sed recusandae hic est aut architecto atque.', 3, '2018-03-31 07:43:55', '2018-03-31 07:43:55'),
(94, 135, 'Demarcus Swaniawski', 'Consequuntur qui dolore laudantium beatae quas aut asperiores provident. Porro vel dolores quia et voluptatem quidem. Eum adipisci voluptatum praesentium. Et ut aut quasi ut.', 1, '2018-03-31 07:43:55', '2018-03-31 07:43:55'),
(95, 114, 'Demario Runolfsson', 'Ratione illum aut voluptates veniam est iste beatae. Sed delectus velit illo ipsam nisi. Id et eum dolorem quo fuga vero eveniet.', 3, '2018-03-31 07:43:55', '2018-03-31 07:43:55'),
(96, 122, 'Ms. Mona Bashirian III', 'Occaecati harum omnis quo fugit officia laborum excepturi. Vel et enim ut. Impedit ut eaque est quia qui.', 3, '2018-03-31 07:43:55', '2018-03-31 07:43:55'),
(97, 127, 'Urban Bradtke IV', 'Aut in dolorem voluptas pariatur. Doloribus illum suscipit ut ex sed cumque. Hic voluptatem sapiente odio tempore qui officia.', 1, '2018-03-31 07:43:55', '2018-03-31 07:43:55'),
(98, 140, 'Prof. Orin Dach DVM', 'Voluptatem sit culpa debitis debitis error repudiandae qui deleniti. Et autem voluptatum inventore sint voluptatem. Magni eos tempora molestiae in eos. Possimus pariatur et nemo vel alias incidunt sequi.', 3, '2018-03-31 07:43:55', '2018-03-31 07:43:55'),
(99, 117, 'Mrs. Chloe Leannon', 'Quia nemo culpa quisquam. Et sed dolor porro dolorem aut recusandae omnis. Doloremque eum perspiciatis enim consequatur quos cum quos. Aliquid consequatur natus quasi cum perspiciatis quas quo dolores.', 2, '2018-03-31 07:43:55', '2018-03-31 07:43:55'),
(100, 107, 'Lenna Bode Sr.', 'Aut mollitia animi animi nesciunt et. Ratione quae quaerat laudantium. Ea quisquam laboriosam asperiores tenetur odio aliquam. Quia ratione quae corrupti modi.', 5, '2018-03-31 07:43:55', '2018-03-31 07:43:55'),
(101, 138, 'Dakota DuBuque DDS', 'Temporibus molestias quae animi officia. Est dolor nisi asperiores quia pariatur.', 5, '2018-03-31 07:43:55', '2018-03-31 07:43:55'),
(102, 141, 'Mr. Enoch Thiel', 'Minima est quis impedit aut atque in corporis. Cum est eum illum in. Sed vitae tempora laudantium perferendis totam consectetur. Et repellendus distinctio hic rerum et consequatur expedita. Fuga quisquam est temporibus quibusdam ut nemo.', 1, '2018-03-31 07:43:55', '2018-03-31 07:43:55'),
(103, 141, 'Ian Abernathy', 'Recusandae modi dolor nobis at non enim dolor. Molestiae accusamus sit vitae voluptas fuga possimus sed placeat. Aliquam ut et sunt eius culpa. Ea in qui ut error voluptas quia. Aspernatur non unde veritatis cupiditate cupiditate sint.', 0, '2018-03-31 07:43:55', '2018-03-31 07:43:55'),
(104, 131, 'Ms. Clarabelle Goodwin', 'Recusandae architecto magni sit et facilis. Ut repellat illum et est minus consequatur rerum. Quae ad suscipit incidunt voluptas et unde voluptas et.', 3, '2018-03-31 07:43:55', '2018-03-31 07:43:55'),
(105, 126, 'Kellen Nienow', 'Tempora dignissimos aliquam odio. Omnis esse nostrum ad quasi nemo. Eaque vel et beatae eligendi quidem pariatur. Quae sunt qui architecto accusantium distinctio aut.', 4, '2018-03-31 07:43:55', '2018-03-31 07:43:55'),
(106, 107, 'Gabriella Flatley III', 'Cum sunt nobis ea sit similique quo dolores adipisci. Aut assumenda et similique qui.', 4, '2018-03-31 07:43:55', '2018-03-31 07:43:55'),
(107, 124, 'Napoleon Ryan', 'Culpa eos velit dolores vel aperiam ut quia. Ratione amet molestiae rem.', 1, '2018-03-31 07:43:55', '2018-03-31 07:43:55'),
(108, 115, 'Dedric Rosenbaum', 'Minima harum et dignissimos quas iure mollitia aspernatur id. Magnam totam facilis rerum sunt. Rerum eius impedit ea eveniet atque est alias. Dolorum delectus omnis voluptatem et culpa eveniet ex.', 4, '2018-03-31 07:43:55', '2018-03-31 07:43:55'),
(109, 141, 'Dr. Genoveva Heller', 'Illum id qui necessitatibus in. Ex a occaecati est voluptate. Asperiores ea necessitatibus quidem et eum laboriosam. Dolores fuga vel eligendi velit consectetur cupiditate.', 5, '2018-03-31 07:43:55', '2018-03-31 07:43:55'),
(110, 125, 'Miss Icie Haag Jr.', 'Ipsum nisi alias repudiandae rerum ex. Optio harum nam hic sit. Reiciendis repellat beatae sunt laboriosam.', 0, '2018-03-31 07:43:55', '2018-03-31 07:43:55'),
(111, 115, 'Seamus Hahn', 'Libero quidem deleniti laborum est. Ipsam et ex neque omnis impedit voluptatibus aliquid. Architecto aut ut repellendus aut. Et omnis sed pariatur facere dicta et omnis.', 4, '2018-03-31 07:43:55', '2018-03-31 07:43:55'),
(112, 123, 'Piper Luettgen', 'Neque nobis non sed culpa rerum vero qui. Dolorem quibusdam sed veritatis assumenda accusamus ea ut. Fugiat atque esse maiores qui.', 5, '2018-03-31 07:43:55', '2018-03-31 07:43:55'),
(113, 132, 'Prof. Hunter Boyer DDS', 'Perspiciatis cupiditate ut vel quae. Ea harum laborum nihil delectus praesentium doloremque id. Dolorum quidem et dolores sapiente. Adipisci optio repudiandae ipsam alias natus molestiae veritatis.', 0, '2018-03-31 07:43:55', '2018-03-31 07:43:55'),
(114, 135, 'Karianne Mayert', 'Esse non doloribus aut earum enim optio earum. Occaecati voluptatem optio esse praesentium necessitatibus molestias labore. Reiciendis ex qui velit et voluptas soluta.', 4, '2018-03-31 07:43:55', '2018-03-31 07:43:55'),
(115, 140, 'Lelah Stanton', 'Provident rerum iste consectetur blanditiis officia. Maxime laborum et ut. Et totam inventore officia.', 2, '2018-03-31 07:43:55', '2018-03-31 07:43:55'),
(116, 103, 'Prof. Mckenzie Douglas', 'Laboriosam molestiae sed itaque pariatur quaerat ex. Delectus omnis illum eaque vel dolorum sed odio autem. Qui accusantium rem nostrum. Ducimus non temporibus cupiditate ad eaque.', 1, '2018-03-31 07:43:55', '2018-03-31 07:43:55'),
(117, 132, 'Jaiden Jast', 'Rerum non consequatur quasi tenetur nulla quaerat illum. Et aut saepe accusamus quis odio ut quam. Temporibus sit est minus sunt.', 1, '2018-03-31 07:43:55', '2018-03-31 07:43:55'),
(118, 127, 'Mr. Javon Fritsch', 'Debitis maxime esse voluptatem saepe voluptas nobis aut. Commodi qui velit sit aut et aspernatur. Ea mollitia molestiae impedit.', 2, '2018-03-31 07:43:55', '2018-03-31 07:43:55'),
(119, 112, 'Raquel Brekke', 'Praesentium illum aut ullam sapiente dolorem vero. Sed necessitatibus ut nostrum facere ex. Nihil porro id reiciendis ab non. At omnis temporibus officiis perferendis vitae.', 0, '2018-03-31 07:43:55', '2018-03-31 07:43:55'),
(120, 106, 'Laurel Bergstrom', 'Eveniet tempora voluptas illo et odit quasi. Quia rerum nemo est reiciendis modi quia. Facere itaque molestiae illum ad. Esse laudantium sunt officia et. Et necessitatibus cumque cumque aut nobis ullam qui.', 5, '2018-03-31 07:43:55', '2018-03-31 07:43:55'),
(121, 111, 'Malcolm Lang', 'Aliquam iure aperiam illum ratione velit repellendus. Dolore maxime repellat in eveniet nulla veritatis. Cumque dolores unde quo velit consequatur sed et suscipit. Accusamus itaque quae consequatur id sed.', 2, '2018-03-31 07:43:55', '2018-03-31 07:43:55'),
(122, 113, 'Miss Rahsaan Roob DVM', 'Excepturi repellat ex doloribus maiores accusamus aspernatur. Voluptatem iure aspernatur id voluptas saepe qui. Consequatur illo vitae veritatis necessitatibus quia.', 4, '2018-03-31 07:43:55', '2018-03-31 07:43:55'),
(123, 101, 'Virgie Tremblay', 'Sit repudiandae occaecati consequuntur et quia. Maiores aliquam asperiores debitis maxime aut expedita. Molestiae voluptatum ea natus iste labore et cum qui. Nulla distinctio doloremque ratione.', 5, '2018-03-31 07:43:55', '2018-03-31 07:43:55'),
(124, 103, 'Armand Kuhic Sr.', 'Sit recusandae maiores quo consectetur dolorem excepturi et. Quod nulla et possimus rerum. Dolorem quam omnis voluptatem consequuntur excepturi voluptatum. Quis et eveniet voluptatum tempora temporibus quidem mollitia. Velit voluptate qui quo fuga neque quibusdam consequatur.', 4, '2018-03-31 07:43:55', '2018-03-31 07:43:55'),
(125, 136, 'Kurtis Halvorson', 'Sunt nihil velit id vel doloribus omnis necessitatibus. Voluptas atque ullam sunt nisi alias qui sint. Nemo hic non molestias exercitationem sunt sequi.', 3, '2018-03-31 07:43:55', '2018-03-31 07:43:55'),
(126, 101, 'Lysanne Torphy', 'Repellat voluptate dolorum ut laudantium. Sed quibusdam officiis accusantium dolores. Sed aliquam perferendis cum voluptatem dolor minima rerum adipisci. Et quam illum veritatis ex sed similique dignissimos. Neque ea sunt officia quisquam.', 5, '2018-03-31 07:43:55', '2018-03-31 07:43:55'),
(127, 125, 'Prof. Oswaldo Bergnaum', 'Et ut voluptatem et commodi. Itaque corporis molestiae totam consequuntur odio voluptatem. Ut velit est mollitia voluptatem officiis blanditiis.', 2, '2018-03-31 07:43:55', '2018-03-31 07:43:55'),
(128, 119, 'Arnold O\'Kon', 'Accusantium voluptatem eveniet fugiat inventore ut. Quia dolorum voluptatem placeat sunt aut. Delectus minima quas aut rerum itaque illo. Laudantium dolore placeat facilis libero.', 2, '2018-03-31 07:43:55', '2018-03-31 07:43:55'),
(129, 124, 'Jessika Feest', 'Explicabo consequatur at sed repellat. Hic blanditiis quos labore debitis sint dolorum. Et facilis id id dicta consequuntur quos. Saepe nostrum cum voluptas officia.', 3, '2018-03-31 07:43:55', '2018-03-31 07:43:55'),
(130, 109, 'Kadin Goodwin', 'Quia sit ex consequatur magnam. Mollitia facere molestias dignissimos ea. Cumque consequuntur repudiandae sit dolorem. Ut voluptatibus similique voluptas magnam dolor nihil officiis.', 2, '2018-03-31 07:43:55', '2018-03-31 07:43:55'),
(131, 134, 'Aubrey Baumbach', 'Quae odit occaecati ut ducimus suscipit nulla. Vel beatae qui sapiente. Iste accusantium animi incidunt et. Ut enim et non eveniet rem voluptatem delectus.', 2, '2018-03-31 07:43:55', '2018-03-31 07:43:55'),
(132, 148, 'Prof. Alberto Corwin I', 'Eaque veritatis aut accusamus assumenda quo minus. Molestiae unde magni itaque beatae recusandae sed. Asperiores rerum eveniet provident est in.', 3, '2018-03-31 07:43:55', '2018-03-31 07:43:55'),
(133, 120, 'Dr. Eileen Gerhold', 'Facere ipsam omnis soluta beatae dolore qui. Itaque sunt ut saepe totam tempora. At non et adipisci perspiciatis eligendi. Nihil enim qui officia sequi et praesentium.', 2, '2018-03-31 07:43:55', '2018-03-31 07:43:55'),
(134, 145, 'Prof. Wyatt Zboncak', 'Doloremque odit natus et nihil. Non accusantium deserunt quia tenetur est. Excepturi consequatur laborum accusamus eaque libero optio.', 5, '2018-03-31 07:43:55', '2018-03-31 07:43:55'),
(135, 131, 'Dr. Clifford Bauch', 'Ipsam adipisci nobis sapiente officiis magni voluptates. Unde doloremque est omnis ducimus voluptatem.', 4, '2018-03-31 07:43:55', '2018-03-31 07:43:55'),
(136, 124, 'Elmira Ryan', 'Consequatur eum animi porro nisi fugiat aut. A alias ex occaecati esse est dolor aut. Est consequuntur nulla nobis sunt.', 5, '2018-03-31 07:43:55', '2018-03-31 07:43:55'),
(137, 149, 'Mervin Ebert', 'Repudiandae quaerat sed facere blanditiis sint qui non ea. Velit distinctio ipsum voluptas ea. Quasi cum omnis amet id. Non molestiae libero dolore animi aut dolore error.', 2, '2018-03-31 07:43:55', '2018-03-31 07:43:55'),
(138, 134, 'Isaiah Stanton', 'Dignissimos eius odio ut ut autem velit at ut. Suscipit necessitatibus quas officia sint molestias reprehenderit nisi. Sed quod assumenda illo atque quam molestiae. Impedit odit et velit vel.', 3, '2018-03-31 07:43:55', '2018-03-31 07:43:55'),
(139, 143, 'Craig Lesch', 'Repellat nobis vero repudiandae est ratione nam quia quasi. Autem ea sunt voluptatem dolores commodi maxime. Ducimus non voluptas rem explicabo nihil blanditiis sint. Eligendi eos eum fugit et autem cum.', 0, '2018-03-31 07:43:55', '2018-03-31 07:43:55'),
(140, 135, 'Vada Swift DVM', 'Maxime quam nemo harum maxime. Atque nostrum voluptas tempore ullam blanditiis est repellat. Quis est et rem cumque nulla ut. Occaecati ad dolore aut ex. Omnis quo adipisci voluptas enim sint adipisci.', 4, '2018-03-31 07:43:55', '2018-03-31 07:43:55'),
(141, 133, 'Mrs. Wava Keeling PhD', 'Possimus nostrum maiores aut necessitatibus ipsum cum saepe. Quaerat et ullam nobis rerum fugiat. Et dolor et voluptas qui cum non.', 5, '2018-03-31 07:43:55', '2018-03-31 07:43:55'),
(142, 145, 'Violette Schaden DVM', 'Suscipit repellat quas possimus culpa eligendi sit. Rerum illo error aut laudantium. Cum molestias adipisci sed odio.', 0, '2018-03-31 07:43:55', '2018-03-31 07:43:55'),
(143, 133, 'Dr. Fabiola Deckow DVM', 'Vero officiis a consequatur dolorum non veniam voluptatem. Sunt quia beatae aut quaerat. Exercitationem iste quo incidunt beatae. Dolorem numquam porro et velit officiis deleniti nisi.', 1, '2018-03-31 07:43:55', '2018-03-31 07:43:55'),
(144, 136, 'Charlie Blanda II', 'Doloremque unde et perspiciatis dolores et nihil soluta. Provident asperiores doloribus corporis culpa optio. Et enim et magnam ea.', 5, '2018-03-31 07:43:55', '2018-03-31 07:43:55'),
(145, 123, 'Bettie Ratke DVM', 'Quia ducimus rerum cum sed velit consectetur quia. Eaque et aperiam soluta ut doloribus et. Corporis aperiam ex culpa nihil consectetur et.', 2, '2018-03-31 07:43:55', '2018-03-31 07:43:55'),
(146, 126, 'Prof. Ryann Lehner', 'Explicabo excepturi laborum doloribus qui modi pariatur. Odit aliquid eius illo sit. Esse ullam est voluptatem aspernatur.', 2, '2018-03-31 07:43:55', '2018-03-31 07:43:55'),
(147, 129, 'Christine Larkin', 'Beatae et vel et maiores. Et qui unde sequi molestiae maiores velit. Debitis enim dolor illum error.', 2, '2018-03-31 07:43:55', '2018-03-31 07:43:55'),
(148, 143, 'Lou Durgan', 'Aperiam excepturi deserunt qui molestiae vel nihil qui. Ex repellat at qui nam corporis est molestiae. Facilis est unde illo ut aliquam.', 5, '2018-03-31 07:43:55', '2018-03-31 07:43:55'),
(149, 138, 'Brandy Legros', 'Et et atque eius exercitationem autem. At impedit magnam dolores praesentium voluptatum. Molestias ut dolores accusantium modi aspernatur deleniti illum.', 2, '2018-03-31 07:43:55', '2018-03-31 07:43:55'),
(150, 107, 'Casandra Legros', 'Eveniet veniam rerum necessitatibus quo. Nemo ipsam dolorem accusantium. Assumenda repudiandae voluptatem nihil est ex corrupti.', 3, '2018-03-31 07:43:55', '2018-03-31 07:43:55'),
(151, 139, 'Lawrence Altenwerth', 'Aspernatur aut impedit tempore doloremque. Recusandae dolor nobis aut quo quia suscipit est. Sit ab repellat aliquam dolorem dolorem adipisci et. Rerum iste alias et ea et laudantium quia.', 1, '2018-03-31 07:43:55', '2018-03-31 07:43:55'),
(152, 106, 'Shany Dietrich', 'In nostrum mollitia placeat qui neque illum. Dolores vel dolor deserunt sed sed porro. Animi voluptates dolor autem quibusdam. Beatae modi consequuntur esse sunt eos voluptas quisquam.', 4, '2018-03-31 07:43:55', '2018-03-31 07:43:55'),
(153, 120, 'Willa Towne', 'Nulla ea sunt aut in. Blanditiis autem quasi dicta quod doloremque quia non. Molestias dolorem perspiciatis sed debitis cupiditate. Magnam omnis in expedita sequi vero libero eaque autem.', 0, '2018-03-31 07:43:55', '2018-03-31 07:43:55'),
(154, 141, 'Ava Hackett', 'Porro laudantium ut et fuga dignissimos. Harum non magnam itaque dicta eligendi. Maxime est sunt sequi magni commodi maiores delectus.', 2, '2018-03-31 07:43:55', '2018-03-31 07:43:55'),
(155, 121, 'Camren Parisian II', 'Minus eos eligendi temporibus excepturi nemo. Rerum in sit hic dolorem.', 0, '2018-03-31 07:43:55', '2018-03-31 07:43:55'),
(156, 103, 'Lorna Homenick', 'Ratione ipsum odio quod atque placeat dicta magnam. Amet voluptatem labore non consequatur quia. Ut officia dignissimos sunt.', 3, '2018-03-31 07:43:55', '2018-03-31 07:43:55'),
(157, 130, 'Tobin Hirthe IV', 'Libero et qui praesentium consequatur occaecati sequi adipisci aut. Quae consequuntur numquam voluptatibus eaque. Velit unde laboriosam consequatur similique.', 0, '2018-03-31 07:43:55', '2018-03-31 07:43:55'),
(158, 150, 'Freeman Konopelski', 'Perferendis est nisi sit vero mollitia sequi sed. Omnis consequatur accusamus sed sed omnis amet quisquam. Qui est doloremque repellendus alias. Est aliquid ut consectetur voluptatem sit.', 5, '2018-03-31 07:43:55', '2018-03-31 07:43:55'),
(159, 126, 'Mr. Llewellyn Rice MD', 'Porro nemo nostrum voluptas facere dicta itaque. Non quaerat doloribus cum et maxime voluptatem ullam. Provident et porro ut. Consequuntur debitis quasi deleniti odit.', 0, '2018-03-31 07:43:55', '2018-03-31 07:43:55'),
(160, 147, 'Michael Rempel', 'Quam ut atque pariatur eos iste aut. Officia nam aut necessitatibus illo velit. Esse vitae fugit quis saepe provident ratione non et. Autem ut quasi eveniet non aut incidunt.', 4, '2018-03-31 07:43:55', '2018-03-31 07:43:55'),
(161, 139, 'Miss Isobel Wehner DDS', 'Qui neque fugit ullam quos ut. Autem rerum delectus sunt harum qui aspernatur ullam. Aliquam laborum voluptatum pariatur aut dignissimos beatae. Et maxime facere ullam aut. Voluptatum eum at ea repellendus facere.', 3, '2018-03-31 07:43:55', '2018-03-31 07:43:55'),
(162, 131, 'Moriah VonRueden', 'Error maiores voluptatem quae iure quae iste. Dolorem dolores natus soluta molestiae laborum aut.', 4, '2018-03-31 07:43:55', '2018-03-31 07:43:55'),
(163, 140, 'Jazmin Lemke', 'Amet autem non eligendi rerum. Ad quia iusto reiciendis expedita velit. Officiis repellat hic et esse eum est dolorum nemo.', 2, '2018-03-31 07:43:55', '2018-03-31 07:43:55'),
(164, 110, 'Aniya Kling', 'Quidem sed consequuntur corrupti vitae praesentium eligendi. Ex esse voluptates iusto cum facere. Impedit blanditiis libero omnis numquam.', 1, '2018-03-31 07:43:55', '2018-03-31 07:43:55'),
(165, 106, 'Jamir Torphy', 'Animi non autem pariatur cumque fugiat quisquam assumenda. Voluptatem qui soluta eligendi. Incidunt eius veniam magni omnis quia repellendus unde. Tempore a distinctio doloremque soluta nam accusamus.', 3, '2018-03-31 07:43:55', '2018-03-31 07:43:55'),
(166, 131, 'Ms. Desiree Upton DDS', 'Ipsum ut distinctio ut corporis ut illum. Dolores accusamus voluptatem voluptas esse maiores enim sapiente laudantium.', 4, '2018-03-31 07:43:55', '2018-03-31 07:43:55'),
(167, 150, 'Desiree Raynor', 'Quasi ducimus cumque consequatur saepe vitae eligendi non. Ut quod cum mollitia rerum tenetur. Blanditiis aspernatur dolorem aut quia eius modi.', 4, '2018-03-31 07:43:55', '2018-03-31 07:43:55'),
(168, 115, 'Sandy Greenholt', 'Distinctio ut consequuntur sed consequatur quasi quos odit iste. Molestiae sed fugiat consequuntur dolores ipsam.', 4, '2018-03-31 07:43:55', '2018-03-31 07:43:55'),
(169, 101, 'Whitney Kozey', 'Voluptatem ea incidunt molestiae ratione consectetur consequuntur. Aut accusantium provident ut odio sit mollitia deserunt. Odit recusandae voluptatum aut accusantium aut magni sed. Ut ipsa beatae beatae culpa sit vero.', 4, '2018-03-31 07:43:55', '2018-03-31 07:43:55'),
(170, 127, 'Ms. Melyna Ebert PhD', 'Qui sequi provident sed voluptas impedit hic omnis. Perferendis et eligendi quae. Qui voluptatem dignissimos sit.', 4, '2018-03-31 07:43:55', '2018-03-31 07:43:55'),
(171, 149, 'Lorena Runolfsson', 'Et aut ut dolores quibusdam. Eaque blanditiis praesentium accusantium excepturi quas non aut. Qui impedit perspiciatis rerum illum dolor voluptatem occaecati. Qui velit nisi alias est et mollitia et.', 4, '2018-03-31 07:43:55', '2018-03-31 07:43:55'),
(172, 134, 'Ludie Dickens', 'Explicabo officiis beatae quo saepe esse et nisi. Omnis omnis at autem quo.', 5, '2018-03-31 07:43:55', '2018-03-31 07:43:55'),
(173, 127, 'Gia Hauck', 'Animi veritatis provident officia praesentium et eum. Animi iusto a officiis. Eveniet et doloribus animi porro aliquid molestias maiores. Similique iure ut aliquam sapiente.', 1, '2018-03-31 07:43:55', '2018-03-31 07:43:55'),
(174, 125, 'Gaston Pollich', 'Rem magni provident consectetur. Ut sapiente et dicta harum aut aut fugiat. Dolor recusandae aliquam et.', 3, '2018-03-31 07:43:55', '2018-03-31 07:43:55'),
(175, 131, 'Gisselle Gulgowski', 'Et rerum voluptatum nesciunt eligendi. Quisquam voluptas et aut neque nemo. Dolorum nulla consectetur eos excepturi.', 5, '2018-03-31 07:43:55', '2018-03-31 07:43:55'),
(176, 111, 'Jonatan McLaughlin', 'Quos et velit soluta harum. Ipsum nesciunt molestias enim sed similique consequatur officiis. Commodi nulla cumque quis debitis quia et maxime. Accusantium ab harum libero soluta quis iste alias.', 5, '2018-03-31 07:43:55', '2018-03-31 07:43:55'),
(177, 123, 'Odessa Herman', 'Delectus sequi consequatur qui. Harum ut qui est fugit consequuntur itaque aut sint. Quasi eos aut quod eveniet porro velit labore expedita.', 0, '2018-03-31 07:43:55', '2018-03-31 07:43:55'),
(178, 142, 'Prof. Amely Gorczany Sr.', 'Et excepturi rem fugit fugit repudiandae hic ipsum. Maxime praesentium dolores qui rerum fuga.', 0, '2018-03-31 07:43:55', '2018-03-31 07:43:55'),
(179, 140, 'Angie Waelchi', 'Sed nihil debitis asperiores ab quia ipsa. Incidunt quas quia voluptatem ad molestiae eum.', 5, '2018-03-31 07:43:55', '2018-03-31 07:43:55'),
(180, 140, 'Judy Schroeder', 'Suscipit consectetur magnam labore natus recusandae consectetur. Minus itaque sint impedit ex modi dolores ex autem. Unde ipsum architecto nostrum enim voluptas voluptatibus rerum.', 3, '2018-03-31 07:43:55', '2018-03-31 07:43:55'),
(181, 137, 'Francesca Witting', 'Culpa ea neque quibusdam repudiandae est omnis labore. Consectetur omnis laudantium molestias odio ea consequatur facilis.', 4, '2018-03-31 07:43:55', '2018-03-31 07:43:55'),
(182, 110, 'Monty Schneider', 'Nihil animi dolorum eum sed reprehenderit autem iusto. Enim autem fugiat harum vero tempora. Sit dolore optio magnam aut omnis.', 5, '2018-03-31 07:43:55', '2018-03-31 07:43:55'),
(183, 147, 'Demarcus Borer DVM', 'Perspiciatis in minima consectetur sed illo. Dolorum nam odit enim impedit laborum sit praesentium ut. Nihil omnis porro sed iure. Sit quia esse quia hic qui. Esse illo ad inventore impedit.', 5, '2018-03-31 07:43:55', '2018-03-31 07:43:55'),
(184, 139, 'Juvenal Baumbach', 'Similique iusto est commodi. Nesciunt labore facere iusto natus.', 2, '2018-03-31 07:43:55', '2018-03-31 07:43:55'),
(185, 130, 'Noemy Zulauf', 'Culpa eius nihil nihil tempore sapiente repellendus. Voluptatem architecto eos veritatis officiis. Laborum dolorem iusto et est odio excepturi.', 4, '2018-03-31 07:43:55', '2018-03-31 07:43:55'),
(186, 150, 'Marcus Rath', 'Sint sequi esse iste qui. Exercitationem nam adipisci accusamus impedit. Rerum natus reprehenderit qui architecto sit voluptatum libero. Quia dolores aut sapiente expedita. Et expedita itaque possimus eaque saepe esse distinctio.', 0, '2018-03-31 07:43:55', '2018-03-31 07:43:55'),
(187, 106, 'Gretchen Mills', 'Sint in nostrum officia itaque dolores illum et. Ut facilis aliquam perferendis voluptatem illum dolorem nam. Libero omnis recusandae sed vel ad. Similique neque a est.', 1, '2018-03-31 07:43:55', '2018-03-31 07:43:55'),
(188, 144, 'Iva Predovic', 'Inventore labore sequi repellendus cum. Mollitia consequatur aut labore voluptas aliquam voluptates. Voluptatem quasi quae laborum quo ut quidem. Et enim sit porro ipsum.', 4, '2018-03-31 07:43:55', '2018-03-31 07:43:55'),
(189, 145, 'Catherine Oberbrunner', 'Laboriosam eum ipsum odit unde. Id nihil cum qui aut minus repellendus sapiente voluptatem. Et blanditiis aperiam dolor quo.', 4, '2018-03-31 07:43:55', '2018-03-31 07:43:55'),
(190, 123, 'Virginie Mraz', 'Consequatur possimus ratione voluptatem consequatur qui nihil. Ducimus eveniet aut esse omnis id animi ut qui. Qui quis sint neque dicta tempore adipisci nostrum.', 3, '2018-03-31 07:43:55', '2018-03-31 07:43:55'),
(191, 128, 'Ernie Cormier', 'Et ad cupiditate est. Iste laborum dolores porro voluptas. Id fuga nostrum corporis quia impedit quo sed.', 3, '2018-03-31 07:43:55', '2018-03-31 07:43:55'),
(192, 132, 'Mr. Geo Gulgowski', 'Impedit qui quis similique error fuga. Illum odit tempore aut quam voluptatem.', 4, '2018-03-31 07:43:55', '2018-03-31 07:43:55'),
(193, 147, 'Dahlia Brakus', 'Illo consequatur vero ex et aut sed. Impedit error sit ipsum nulla quae eligendi. Distinctio totam aut commodi itaque.', 5, '2018-03-31 07:43:55', '2018-03-31 07:43:55'),
(194, 119, 'Dr. Jovani Halvorson II', 'Iure beatae magnam consectetur aut placeat iusto. Nisi quasi eveniet qui corporis. Delectus ut sed odit molestiae laborum reprehenderit.', 1, '2018-03-31 07:43:55', '2018-03-31 07:43:55'),
(195, 115, 'Hulda Ullrich', 'Totam asperiores architecto quo quia velit iusto. Natus mollitia similique qui fuga ea sapiente et. Minus dolore tempora adipisci reiciendis nostrum est mollitia.', 1, '2018-03-31 07:43:55', '2018-03-31 07:43:55'),
(196, 118, 'Lacey Hoeger I', 'Minus natus impedit itaque quidem. Aut odit quia sint reiciendis aperiam nulla sed. Laborum rem voluptates sit quia. Voluptatum similique voluptatem animi amet.', 3, '2018-03-31 07:43:55', '2018-03-31 07:43:55'),
(197, 150, 'Dr. Hank Nikolaus', 'Eos cupiditate aspernatur et quod enim voluptas et. Tenetur quis a consequuntur et. Cupiditate quasi incidunt eveniet quia sed perspiciatis nostrum. Dolores inventore eos et.', 5, '2018-03-31 07:43:55', '2018-03-31 07:43:55'),
(198, 125, 'Beulah Gaylord', 'At est quia sunt provident. Nihil quis minus earum ad nihil. Ut eos dolores velit dolorem. Expedita placeat cupiditate et reiciendis quia maxime labore commodi. Quo eligendi exercitationem provident ipsa aut sed quos.', 5, '2018-03-31 07:43:55', '2018-03-31 07:43:55'),
(199, 114, 'Elsa Von', 'Cum ullam modi dignissimos a blanditiis quae voluptas qui. Qui et aliquid quis quo omnis aut. Voluptates facilis doloremque numquam reprehenderit aut magnam tempora. Voluptatem quia amet et pariatur vitae mollitia.', 0, '2018-03-31 07:43:55', '2018-03-31 07:43:55'),
(200, 104, 'Mr. Niko Roberts Jr.', 'Exercitationem expedita nisi et perferendis quo natus. Doloremque voluptates nihil ea dolores. Sequi dolore rerum ipsam nihil. Eos molestiae eius molestias recusandae qui tenetur.', 5, '2018-03-31 07:43:55', '2018-03-31 07:43:55'),
(201, 113, 'Dr. Burley Steuber', 'Dolore adipisci nesciunt veritatis laborum deleniti commodi. Cumque vero iste ea dignissimos amet.', 1, '2018-03-31 07:43:55', '2018-03-31 07:43:55'),
(202, 111, 'Jodie Hermiston', 'Eaque cumque et tempore sed ratione rerum aut voluptas. Illum enim vero possimus nostrum voluptatem quaerat. Magni sed dolore autem quia et in.', 3, '2018-03-31 07:43:55', '2018-03-31 07:43:55'),
(203, 109, 'Kali Wiegand PhD', 'Consequuntur ipsum enim eligendi cumque non. In et illum molestias doloribus quae qui. Voluptatum itaque vitae quos enim labore. At animi aliquam enim.', 2, '2018-03-31 07:43:55', '2018-03-31 07:43:55'),
(204, 122, 'Keven Mante', 'Quaerat dolorem molestiae tempore id provident consequatur incidunt. Quia nemo quo nostrum sunt. Autem veritatis aliquid quisquam sapiente. Commodi velit perspiciatis quos repellat.', 5, '2018-03-31 07:43:55', '2018-03-31 07:43:55'),
(205, 136, 'Nathen Crooks DVM', 'Veritatis temporibus ratione qui qui et aut saepe. Est consequuntur eum voluptatibus quia facere. Quam iure asperiores harum itaque numquam mollitia deleniti.', 1, '2018-03-31 07:43:55', '2018-03-31 07:43:55'),
(206, 141, 'Annabell Gulgowski', 'Facilis fuga dolorem recusandae omnis magnam. Saepe ut amet illo optio. Cumque quas expedita fugiat modi minima corrupti autem. Voluptates magnam sit ducimus accusamus ipsa praesentium.', 2, '2018-03-31 07:43:55', '2018-03-31 07:43:55'),
(207, 113, 'Jayden Tromp', 'Quia aut consequatur sunt voluptas consequatur eligendi ut. Assumenda excepturi est animi rerum deleniti. Non quis qui voluptatem nam rem.', 3, '2018-03-31 07:43:55', '2018-03-31 07:43:55');
INSERT INTO `reviews` (`id`, `product_id`, `customer`, `review`, `star`, `created_at`, `updated_at`) VALUES
(208, 108, 'Zion Tromp', 'Voluptas et dolores adipisci omnis quia quidem. Deleniti rem qui quod dolorum. Ratione et ut dolorum officiis non. Recusandae non est voluptatem et.', 3, '2018-03-31 07:43:55', '2018-03-31 07:43:55'),
(209, 149, 'Vada McCullough', 'Veritatis sed veniam nihil nulla aliquam. Voluptatem consequatur enim consequatur mollitia. Rerum a harum officiis reprehenderit.', 4, '2018-03-31 07:43:55', '2018-03-31 07:43:55'),
(210, 147, 'Leopold Price', 'Vero quisquam est repellendus necessitatibus dicta. Laudantium expedita rerum quia aut provident ut. Voluptatum optio veniam nam sint maiores dolore et.', 2, '2018-03-31 07:43:55', '2018-03-31 07:43:55'),
(211, 125, 'Nolan Considine', 'Non veritatis dolor voluptas veritatis possimus nam. Nemo consectetur voluptatem fugit. Occaecati et modi eveniet quibusdam deleniti. Qui mollitia et et impedit ab.', 2, '2018-03-31 07:43:55', '2018-03-31 07:43:55'),
(212, 135, 'Lyda Kozey', 'Et ullam a dolore et unde nulla similique explicabo. Ea voluptate impedit et eos exercitationem. Ut asperiores enim quaerat.', 3, '2018-03-31 07:43:55', '2018-03-31 07:43:55'),
(213, 140, 'Brock Nitzsche', 'Voluptatem sunt a placeat aliquam laudantium ut culpa. Qui non facilis dolor amet earum excepturi ut.', 4, '2018-03-31 07:43:55', '2018-03-31 07:43:55'),
(214, 119, 'Vita Ward', 'Quisquam et repellat sint rerum ullam vitae ab. Dolorem error tempora aut voluptas est. Et cumque velit aut soluta molestiae provident iure est. Architecto aut omnis non iusto aut reprehenderit aspernatur officia.', 1, '2018-03-31 07:43:55', '2018-03-31 07:43:55'),
(215, 117, 'Foster Emmerich', 'Id natus nobis consequatur sint et. Ratione libero odit sunt incidunt soluta qui. Delectus quia ipsam beatae qui ut. Earum hic dicta magnam dolores.', 5, '2018-03-31 07:43:55', '2018-03-31 07:43:55'),
(216, 105, 'Valentina Ward', 'Fugiat ut unde voluptas reiciendis est unde. Optio nobis distinctio omnis est ratione. Occaecati totam cumque sunt facilis aut libero quibusdam possimus.', 3, '2018-03-31 07:43:55', '2018-03-31 07:43:55'),
(217, 123, 'Mrs. Arvilla Miller', 'Dolorem vel alias quas. Commodi laborum libero corporis omnis ex dicta accusantium. Nemo et veniam accusantium tenetur.', 2, '2018-03-31 07:43:55', '2018-03-31 07:43:55'),
(218, 149, 'Verlie Lockman', 'Sint esse est consequatur est error qui. Molestiae nulla reiciendis aut quae. Libero consequatur molestiae necessitatibus vero odio.', 3, '2018-03-31 07:43:55', '2018-03-31 07:43:55'),
(219, 109, 'Stone Turcotte', 'Ad voluptates dolor voluptatibus ea sint sed distinctio dolorum. Dolor ea inventore et.', 0, '2018-03-31 07:43:55', '2018-03-31 07:43:55'),
(220, 115, 'Dr. Ralph Rutherford', 'Consequatur non saepe assumenda doloremque excepturi architecto enim. Voluptatem ea quas veniam expedita consequatur et quod. Qui est eaque voluptate et soluta. Et dolores consequatur nam fugiat aliquam ea. Provident doloribus magni et quis.', 4, '2018-03-31 07:43:55', '2018-03-31 07:43:55'),
(221, 144, 'Queen Hahn II', 'Ea aliquam sed exercitationem ut. Laboriosam rerum officia distinctio in debitis. Vero vel laboriosam dolore sit et. Ratione et voluptatum laborum vero culpa eius.', 3, '2018-03-31 07:43:55', '2018-03-31 07:43:55'),
(222, 118, 'Dr. Cortez Beatty', 'Est porro rerum mollitia dolorem vero velit. Ut quisquam possimus debitis consequuntur. Modi quia similique et nobis. Dolorem non et eius neque.', 1, '2018-03-31 07:43:55', '2018-03-31 07:43:55'),
(223, 108, 'Dr. Suzanne McGlynn DDS', 'Corporis quasi dolorem officiis ut tempora deleniti. Deleniti libero minus nihil ut fugiat corrupti. Exercitationem nam accusantium soluta. Non culpa facere quibusdam cupiditate et.', 4, '2018-03-31 07:43:55', '2018-03-31 07:43:55'),
(224, 104, 'Mrs. Alyce Kuvalis', 'Dolore officiis excepturi ex dolorum quia sit rerum. Expedita qui commodi inventore aut id. Porro quasi est est. Quod neque aut minus voluptates voluptatem totam.', 4, '2018-03-31 07:43:55', '2018-03-31 07:43:55'),
(225, 121, 'Krystina Spencer', 'Ab adipisci voluptatum perferendis et alias perspiciatis et porro. Rerum cumque quae qui asperiores. Officiis quia vitae consectetur. Facilis id laboriosam harum sequi at consequatur saepe.', 5, '2018-03-31 07:43:55', '2018-03-31 07:43:55'),
(226, 137, 'Octavia Dach', 'Magni illum quibusdam et repellat asperiores natus. Error et voluptatem minima sit dicta. Omnis et sequi deleniti. Perspiciatis maxime voluptatem nobis quasi voluptatem similique.', 1, '2018-03-31 07:43:55', '2018-03-31 07:43:55'),
(227, 123, 'Clifford Durgan', 'Quod dolorum laborum cumque in. Unde ipsum deserunt fuga ut eum. Necessitatibus ullam voluptas laudantium magni tenetur eveniet. Qui aut minus delectus culpa quisquam.', 0, '2018-03-31 07:43:55', '2018-03-31 07:43:55'),
(228, 108, 'Nathanael Hickle', 'Omnis ea illum et et numquam. Et et explicabo sed impedit sint ducimus. Ratione tenetur numquam est est ex quos architecto unde.', 2, '2018-03-31 07:43:55', '2018-03-31 07:43:55'),
(229, 113, 'Prof. Jaime Paucek', 'A modi aut aut culpa. Labore aperiam hic eos eius veritatis. Error et temporibus impedit rerum quos incidunt.', 5, '2018-03-31 07:43:55', '2018-03-31 07:43:55'),
(230, 125, 'Mr. Kay Wisozk', 'Eveniet pariatur mollitia hic dolore temporibus voluptatem. Animi minima culpa ut impedit qui fuga. Praesentium quo fuga repellendus ea aliquam eos. Facere dolores et maiores quo.', 3, '2018-03-31 07:43:55', '2018-03-31 07:43:55'),
(231, 116, 'Angelo Heathcote', 'Aut et fuga illum unde et. Ipsa id tenetur consequatur deserunt. Et reprehenderit nostrum qui architecto. Dolore eum molestiae accusamus consequuntur voluptatibus sequi.', 5, '2018-03-31 07:43:55', '2018-03-31 07:43:55'),
(232, 147, 'Quinton Prosacco', 'Autem ipsum repellat non dolores consequatur quo temporibus atque. Dolores voluptatum dicta qui modi. Ratione error adipisci iusto consequuntur tempora soluta veniam. Assumenda molestiae reprehenderit ut rerum dolorem est.', 0, '2018-03-31 07:43:55', '2018-03-31 07:43:55'),
(233, 111, 'Prof. Van Leffler', 'Ullam est voluptates eveniet et earum quia nam. Voluptas adipisci ipsa aut sed. Sunt placeat non rem et architecto. Ea sed reprehenderit veritatis qui aut.', 3, '2018-03-31 07:43:55', '2018-03-31 07:43:55'),
(234, 127, 'Tristin Stoltenberg', 'Iure omnis sunt voluptates enim molestias. Et laborum nobis sapiente sit. Quis ullam cumque distinctio dignissimos qui qui quisquam.', 1, '2018-03-31 07:43:55', '2018-03-31 07:43:55'),
(235, 133, 'Hal Hackett I', 'Odit est provident at et quibusdam repudiandae aut. Qui quae velit voluptate. Incidunt et illo voluptate velit eos nulla at.', 5, '2018-03-31 07:43:55', '2018-03-31 07:43:55'),
(236, 106, 'Everette Fritsch', 'Ut qui tempore possimus. Facilis repellendus in voluptatem in incidunt.', 0, '2018-03-31 07:43:55', '2018-03-31 07:43:55'),
(237, 116, 'Viola Nikolaus III', 'Illum et et architecto illum. Optio velit necessitatibus esse eum illo animi sed. Atque quia sed magnam et iste dignissimos aut. Dolor incidunt consequuntur error qui quibusdam eos et perferendis.', 1, '2018-03-31 07:43:55', '2018-03-31 07:43:55'),
(238, 138, 'Felipe Zboncak', 'Nihil consequatur consequuntur fuga et deserunt voluptatum exercitationem expedita. Qui illum quis magnam ipsam. Tempora doloribus molestiae nisi ducimus similique corporis consectetur. Perspiciatis officiis aspernatur quod temporibus voluptas architecto dicta dicta. Similique amet qui unde aut consequatur soluta.', 0, '2018-03-31 07:43:55', '2018-03-31 07:43:55'),
(239, 119, 'Leonard Nikolaus', 'Modi quisquam nihil non et sunt. Voluptatem error animi iusto eos atque et fugiat. Vitae consectetur reprehenderit corrupti sed qui eaque explicabo. Earum ut ab qui.', 1, '2018-03-31 07:43:55', '2018-03-31 07:43:55'),
(240, 145, 'Stacey Jacobs', 'In dignissimos neque non iure. Quaerat occaecati exercitationem nesciunt officiis. Quibusdam qui officia atque et qui error architecto quibusdam.', 5, '2018-03-31 07:43:55', '2018-03-31 07:43:55'),
(241, 120, 'Bryana Ledner', 'Enim aspernatur perspiciatis voluptates voluptatem ea. Minus et quo facere corrupti deserunt ut. Rerum enim assumenda eos dolor. Harum quaerat iste culpa delectus. Ut provident reprehenderit deserunt consectetur quo consequuntur dolores.', 2, '2018-03-31 07:43:55', '2018-03-31 07:43:55'),
(242, 137, 'Tatum Donnelly II', 'Ut enim voluptas qui inventore qui laborum. Ducimus voluptates accusamus est blanditiis dolor magnam sapiente ipsum. Aut sequi rem dolor aut.', 3, '2018-03-31 07:43:55', '2018-03-31 07:43:55'),
(243, 125, 'Prof. Hobart Schaefer III', 'Accusantium cum consequatur quo sunt distinctio nihil dolorem. Quaerat aliquid sint et cumque et facilis. Debitis sed voluptatem hic non quae dolorem.', 0, '2018-03-31 07:43:55', '2018-03-31 07:43:55'),
(244, 119, 'Otis Okuneva', 'Non magni beatae at et. Labore doloribus quia aut sunt a autem est. Quod nam possimus quo. Qui id voluptates consectetur sunt ipsam et aspernatur id.', 3, '2018-03-31 07:43:55', '2018-03-31 07:43:55'),
(245, 125, 'Celestino White', 'Delectus distinctio voluptas sequi id. Ratione maxime ut sint et. Recusandae aut sed vel non nulla vero. Voluptates reiciendis praesentium molestias quis esse.', 3, '2018-03-31 07:43:55', '2018-03-31 07:43:55'),
(246, 119, 'Hans Oberbrunner', 'Minus distinctio commodi eos vel et incidunt. Omnis cumque dolor dolorem ut dolorum corrupti consequuntur mollitia. Neque magni veritatis molestiae quo quos et.', 5, '2018-03-31 07:43:55', '2018-03-31 07:43:55'),
(247, 136, 'Doug King Sr.', 'Quis nobis quo minima ut quam. Qui nulla atque qui soluta aliquid. Ut qui quidem aut molestias. Eligendi qui repellat nemo doloremque debitis. Perferendis iusto quos rerum non.', 0, '2018-03-31 07:43:55', '2018-03-31 07:43:55'),
(248, 134, 'Edwin Reichel', 'Perferendis laudantium rerum corporis nihil id quia est corrupti. Eos magnam recusandae itaque voluptatibus molestias voluptate. Quo laborum aut maiores eaque. Qui labore iure et illum sed.', 2, '2018-03-31 07:43:55', '2018-03-31 07:43:55'),
(249, 125, 'Anabelle Feeney', 'Numquam non ut nobis ex cum consectetur numquam. Adipisci aspernatur non non nostrum eos voluptas ex.', 5, '2018-03-31 07:43:55', '2018-03-31 07:43:55'),
(250, 105, 'Jed Bode', 'Necessitatibus ipsum et omnis et. Quia voluptatem voluptatem earum expedita. Id repellat provident pariatur voluptatibus laborum. Qui voluptate itaque fuga sunt rem aut hic.', 3, '2018-03-31 07:43:55', '2018-03-31 07:43:55'),
(251, 119, 'Titus Keeling', 'Dolorem dolorum ea necessitatibus saepe. Dolorem iusto rem totam impedit. Dolore omnis recusandae totam quia dolores.', 3, '2018-03-31 07:43:55', '2018-03-31 07:43:55'),
(252, 113, 'Miss Viola Frami III', 'Nemo aperiam est laboriosam qui ut dolorum aut. Nihil est at quia et libero earum. Est eos corrupti ipsam itaque temporibus eaque sunt mollitia.', 3, '2018-03-31 07:43:55', '2018-03-31 07:43:55'),
(253, 101, 'Kraig Schinner', 'Tenetur accusamus ratione illo voluptatum eligendi voluptate. Suscipit eaque quo ipsam architecto qui corporis. Repellat ut earum odio est et voluptatibus consequatur.', 4, '2018-03-31 07:43:55', '2018-03-31 07:43:55'),
(254, 102, 'Amari Mueller', 'Quae id laudantium impedit pariatur dolorem doloribus ea vel. Quia quisquam exercitationem voluptas maiores dignissimos. Ducimus repellendus quidem dolores illo unde sunt eius ipsum.', 0, '2018-03-31 07:43:55', '2018-03-31 07:43:55'),
(255, 106, 'Prof. Clara Abernathy', 'Qui qui aut vel odio. Fuga soluta mollitia omnis qui. Minima earum numquam aliquam. Qui deserunt consequatur fugiat et non iste nemo accusamus.', 0, '2018-03-31 07:43:55', '2018-03-31 07:43:55'),
(256, 107, 'Elaina Cummerata', 'Velit sed consequatur dolorem aliquam provident voluptatibus. Minima voluptatem ipsam omnis. Ut occaecati aut ad. Corporis quasi voluptatem quia qui fugiat sint nostrum inventore. Modi vitae beatae quam quia quisquam est sapiente dolor.', 4, '2018-03-31 07:43:55', '2018-03-31 07:43:55'),
(257, 140, 'Prof. Iva Huel III', 'Voluptatibus adipisci quia perspiciatis et dolores dolor. Aut est voluptas voluptatem architecto omnis. Quia fuga placeat omnis sapiente aliquam.', 2, '2018-03-31 07:43:55', '2018-03-31 07:43:55'),
(258, 119, 'Delilah Mayer', 'Pariatur non beatae optio eum architecto veniam. Velit facilis sunt corporis et commodi delectus. Enim dolorum molestiae earum est incidunt. Incidunt omnis ex rerum laboriosam facere. Et consequuntur tenetur rerum velit exercitationem ipsam.', 3, '2018-03-31 07:43:55', '2018-03-31 07:43:55'),
(259, 123, 'Dr. Carolyne Langosh', 'Nihil id sit qui ipsam unde ut rerum. Sunt atque atque soluta possimus consequuntur ipsa ea excepturi. Dolor voluptatibus similique ratione quis voluptatum magni.', 4, '2018-03-31 07:43:55', '2018-03-31 07:43:55'),
(260, 127, 'Austyn Schmeler MD', 'Est sit excepturi autem maiores quae nostrum accusantium. Laboriosam optio a perspiciatis possimus ut. Est eaque voluptas natus est soluta. Sit enim voluptas eum qui.', 3, '2018-03-31 07:43:55', '2018-03-31 07:43:55'),
(261, 150, 'Caden Green', 'Quia animi expedita id libero beatae rerum. Perferendis delectus neque nihil facere. Hic et id voluptatem autem et reprehenderit dolore.', 0, '2018-03-31 07:43:55', '2018-03-31 07:43:55'),
(262, 105, 'Alfonso Bernier V', 'Vel sit ea esse voluptas sunt. Ut libero sunt rerum consequatur et dignissimos. Facilis fugit voluptate odio esse non repellendus.', 5, '2018-03-31 07:43:55', '2018-03-31 07:43:55'),
(263, 125, 'Prof. Jeff Gutkowski MD', 'Voluptatem omnis id perspiciatis ut. Ad odit accusamus sed excepturi at culpa. Et voluptas optio fuga perspiciatis perferendis in et laborum. Veniam iure eius doloremque dicta quo et perferendis. Fugiat fuga aut ex.', 5, '2018-03-31 07:43:55', '2018-03-31 07:43:55'),
(264, 140, 'Jefferey Lynch', 'Ut pariatur suscipit impedit. Tempore nisi delectus iure excepturi veniam aut sunt. Ab molestias et qui beatae aut enim voluptas. Ut repellendus quis consequuntur natus. Perspiciatis assumenda eaque eius ut itaque quas consequatur.', 4, '2018-03-31 07:43:55', '2018-03-31 07:43:55'),
(265, 118, 'Mr. Dante Tromp', 'Dolorem neque et debitis. Aliquid voluptates veritatis incidunt fugit non. Consequatur voluptatem consequuntur odit voluptatem vitae.', 1, '2018-03-31 07:43:55', '2018-03-31 07:43:55'),
(266, 147, 'Earlene Wilderman', 'Vitae sed perferendis optio maiores. Maiores ut qui quia quaerat eaque et optio. Quidem dolores cupiditate eos animi omnis eveniet. Eligendi hic consequatur rerum earum nam voluptas temporibus.', 5, '2018-03-31 07:43:55', '2018-03-31 07:43:55'),
(267, 144, 'Florine Kemmer', 'Itaque earum enim enim. Incidunt ut rem nobis ad dolorem laboriosam omnis officia. Quia et recusandae aut quis in aspernatur.', 0, '2018-03-31 07:43:55', '2018-03-31 07:43:55'),
(268, 132, 'Magnus Willms', 'Ad possimus voluptatum omnis fuga repudiandae. Aut atque distinctio rerum dolorem animi. Eligendi perspiciatis aperiam et distinctio soluta recusandae.', 3, '2018-03-31 07:43:55', '2018-03-31 07:43:55'),
(269, 137, 'Prof. Jesus Doyle', 'Dicta sit tempore voluptatem nesciunt ipsa. Nisi qui nesciunt cumque qui et sit consequuntur. Repellendus cupiditate autem veritatis recusandae quod quia. Nemo magnam et vero sequi quis.', 5, '2018-03-31 07:43:55', '2018-03-31 07:43:55'),
(270, 121, 'Prof. Hope Hammes', 'Ab omnis nobis animi ex aliquid cupiditate eos. Est adipisci ex et sint temporibus molestiae quis dolores. Rerum consectetur est a odio laudantium deleniti voluptatum.', 2, '2018-03-31 07:43:55', '2018-03-31 07:43:55'),
(271, 120, 'River Franecki', 'Autem totam officiis ut qui explicabo repellendus magnam. Explicabo nulla dolorem iste quo ipsam. Tempora atque nesciunt rerum totam minima vitae rerum.', 2, '2018-03-31 07:43:55', '2018-03-31 07:43:55'),
(272, 117, 'Elisabeth Klocko', 'Quaerat explicabo soluta quia dolorum non. Corporis sit velit deserunt. At et ut illum recusandae expedita molestiae earum.', 4, '2018-03-31 07:43:55', '2018-03-31 07:43:55'),
(273, 107, 'Sydnee Mosciski', 'Libero consequatur quia id amet. Nemo soluta aut harum voluptatibus ut impedit. Et fugit quia similique delectus voluptatibus et. Animi ab illum vel recusandae dolor.', 3, '2018-03-31 07:43:55', '2018-03-31 07:43:55'),
(274, 125, 'Collin Nitzsche', 'Et dolor optio eaque quas. Incidunt et exercitationem harum possimus dolore recusandae animi. Consequatur explicabo eveniet quis explicabo non. Consequuntur numquam et nam asperiores.', 3, '2018-03-31 07:43:55', '2018-03-31 07:43:55'),
(275, 130, 'Ms. Gertrude Boyle DDS', 'Natus minima perspiciatis consequuntur tenetur. Amet voluptas voluptas quidem placeat velit impedit nostrum. Animi eum sit fuga voluptatibus deserunt voluptatem consequuntur.', 2, '2018-03-31 07:43:55', '2018-03-31 07:43:55'),
(276, 123, 'Margarete Olson', 'Corrupti consequatur in veritatis rerum sit. Quasi doloremque praesentium dolorem qui modi odit. Qui voluptates alias cupiditate dignissimos. Debitis cupiditate deleniti fugiat quis.', 0, '2018-03-31 07:43:55', '2018-03-31 07:43:55'),
(277, 107, 'Miss Alvena Miller I', 'Dignissimos ea molestiae sint commodi. Voluptate eum ducimus eos voluptatum. Odit fugit cum aut suscipit molestiae optio.', 2, '2018-03-31 07:43:55', '2018-03-31 07:43:55'),
(278, 111, 'Ms. Mittie Dickinson', 'Perspiciatis non at et tempore minima. Quia alias veniam voluptate saepe quas quisquam quos. Veniam tempora est nesciunt natus repudiandae inventore et.', 0, '2018-03-31 07:43:55', '2018-03-31 07:43:55'),
(279, 141, 'Dr. Jarred Hermiston I', 'Facilis nisi ut alias excepturi vel. Aut et est nulla nam vel dignissimos dolor. Voluptatibus ab pariatur dolor beatae beatae mollitia. Qui soluta voluptate debitis at laboriosam adipisci ipsam. Vero dolore totam aut tenetur deserunt.', 4, '2018-03-31 07:43:55', '2018-03-31 07:43:55'),
(280, 124, 'Mrs. Dolly Jaskolski V', 'Porro dolorem voluptas ut iste unde quia hic. Praesentium id aut molestias ratione accusamus. Aut est unde illo. Et libero et amet minus quia.', 5, '2018-03-31 07:43:55', '2018-03-31 07:43:55'),
(281, 136, 'Mrs. Leda Hane Sr.', 'Aut numquam praesentium ea. Laboriosam enim illum quod mollitia iusto. Dolorem accusamus est sed aut a.', 4, '2018-03-31 07:43:55', '2018-03-31 07:43:55'),
(282, 149, 'Dr. Mellie Sauer DVM', 'Rem fugit dolor omnis repellat tempora cum distinctio. Repellendus qui impedit eligendi fuga dolor nulla. Molestiae maxime minus blanditiis. Quis quam nihil perferendis tempora cum quidem.', 4, '2018-03-31 07:43:55', '2018-03-31 07:43:55'),
(283, 127, 'Aidan O\'Hara', 'Voluptates cum inventore ipsam placeat fuga. Ut maiores dolorum vitae quis officiis in. Quia sit eaque nobis neque.', 4, '2018-03-31 07:43:55', '2018-03-31 07:43:55'),
(284, 129, 'Sophie Wolff', 'Commodi velit sed earum exercitationem ex maiores maxime sunt. Accusamus ut blanditiis enim dolorem est qui nostrum. Voluptatum assumenda ea velit harum omnis et sunt nam. Corporis in aperiam ut temporibus. Praesentium dolores qui nihil repellat ut a.', 5, '2018-03-31 07:43:55', '2018-03-31 07:43:55'),
(285, 110, 'Everette Ward', 'Neque enim voluptatem voluptas doloremque ipsam aut exercitationem. Est et expedita error velit sunt perspiciatis. Dolorum vel quisquam velit nisi culpa distinctio omnis.', 1, '2018-03-31 07:43:55', '2018-03-31 07:43:55'),
(286, 148, 'Raphael Hodkiewicz', 'Excepturi qui officia quo dignissimos occaecati similique. Tempore ut est ut. Nisi atque numquam et incidunt doloribus incidunt sint placeat.', 1, '2018-03-31 07:43:55', '2018-03-31 07:43:55'),
(287, 143, 'Rosie Schumm', 'Error eaque alias nam et omnis enim eos. Consequuntur quia et aut exercitationem aliquid dolorem qui. Illo magnam consequatur inventore perspiciatis rerum voluptatem voluptatum.', 2, '2018-03-31 07:43:55', '2018-03-31 07:43:55'),
(288, 124, 'Estelle Jacobs', 'Delectus sapiente aut ut sapiente ipsam consectetur. Voluptate illum odio voluptate ipsam expedita tenetur blanditiis autem. Eum rem perferendis quam quos.', 0, '2018-03-31 07:43:55', '2018-03-31 07:43:55'),
(289, 139, 'Mr. Otho Walsh III', 'Atque illum et a omnis natus. Velit eveniet rerum error id ullam consequatur omnis. Asperiores modi sint occaecati sint.', 2, '2018-03-31 07:43:55', '2018-03-31 07:43:55'),
(290, 105, 'Annie Lesch', 'Facilis maxime odio aperiam dignissimos. Quo sint itaque ad atque sed. Ut debitis autem ex eligendi sed omnis accusamus. Qui dolore id ut accusantium recusandae.', 2, '2018-03-31 07:43:55', '2018-03-31 07:43:55'),
(291, 132, 'Isaias Daniel', 'Maiores explicabo rem explicabo delectus ad sit. Labore eum dolorem accusamus aut dolorem aut vero. Alias excepturi voluptates minus amet sed sit dignissimos. Occaecati sapiente pariatur omnis ipsa repellendus quidem.', 2, '2018-03-31 07:43:55', '2018-03-31 07:43:55'),
(292, 147, 'Miss Evelyn Stoltenberg', 'Aspernatur iste est quidem perferendis officiis adipisci est consequatur. Et sed iste tempora sed. Illum illum aliquam est numquam.', 2, '2018-03-31 07:43:55', '2018-03-31 07:43:55'),
(293, 110, 'John Treutel II', 'Voluptas amet facilis voluptas ut. Aut laudantium maxime aperiam ut repellat.', 0, '2018-03-31 07:43:55', '2018-03-31 07:43:55'),
(294, 110, 'Khalil Nikolaus DDS', 'Ipsa illum est magnam et non a suscipit. Sit eaque labore voluptates voluptatem fugit.', 1, '2018-03-31 07:43:55', '2018-03-31 07:43:55'),
(295, 144, 'Kristina Steuber', 'Odit quidem tenetur exercitationem maxime unde. Molestiae ea et in nihil nihil nemo fugiat. Vel non quaerat placeat eligendi nam. Iusto qui sit aut quos molestiae inventore optio.', 0, '2018-03-31 07:43:55', '2018-03-31 07:43:55'),
(296, 147, 'Prof. Caterina Kertzmann III', 'Magnam libero ipsa suscipit. Sed dolorum ad voluptatem porro aperiam nulla. Doloremque sapiente cum et consequatur iure.', 0, '2018-03-31 07:43:55', '2018-03-31 07:43:55'),
(297, 118, 'Jackeline Nienow', 'Quisquam est adipisci ipsam fugiat optio ipsam non. Tempore officiis voluptatem numquam illo quia occaecati. Rem ea quam est. Porro vel quia exercitationem in ad.', 5, '2018-03-31 07:43:55', '2018-03-31 07:43:55'),
(298, 132, 'Ova Conroy', 'Necessitatibus nulla qui rem eos hic quasi et et. Dolorem nesciunt aliquid nisi quos pariatur vel. Inventore vero odit aut laborum.', 3, '2018-03-31 07:43:55', '2018-03-31 07:43:55'),
(299, 103, 'Lowell Rodriguez', 'Perspiciatis provident sed at numquam totam possimus. Minus voluptatem voluptatum est velit excepturi provident. Quos dolores quo voluptatem atque. Earum incidunt eveniet est sunt sapiente.', 3, '2018-03-31 07:43:55', '2018-03-31 07:43:55'),
(300, 122, 'Wendell Kshlerin', 'Illo est non dignissimos qui consequatur. Aliquam et qui sed vero.', 2, '2018-03-31 07:43:55', '2018-03-31 07:43:55');

-- --------------------------------------------------------

--
-- Table structure for table `users`
--

DROP TABLE IF EXISTS `users`;
CREATE TABLE IF NOT EXISTS `users` (
  `id` int(10) UNSIGNED NOT NULL AUTO_INCREMENT,
  `name` varchar(191) COLLATE utf8mb4_unicode_ci NOT NULL,
  `email` varchar(191) COLLATE utf8mb4_unicode_ci NOT NULL,
  `password` varchar(191) COLLATE utf8mb4_unicode_ci NOT NULL,
  `remember_token` varchar(100) COLLATE utf8mb4_unicode_ci DEFAULT NULL,
  `created_at` timestamp NULL DEFAULT NULL,
  `updated_at` timestamp NULL DEFAULT NULL,
  PRIMARY KEY (`id`),
  UNIQUE KEY `users_email_unique` (`email`)
) ENGINE=MyISAM DEFAULT CHARSET=utf8mb4 COLLATE=utf8mb4_unicode_ci;
COMMIT;

/*!40101 SET CHARACTER_SET_CLIENT=@OLD_CHARACTER_SET_CLIENT */;
/*!40101 SET CHARACTER_SET_RESULTS=@OLD_CHARACTER_SET_RESULTS */;
/*!40101 SET COLLATION_CONNECTION=@OLD_COLLATION_CONNECTION */;
